,rv_dt,value,category,rv_seen
0,2022-01-01,7.63,Non Open Resolvers,1403
1,2022-01-02,5.63,Non Open Resolvers,1296
2,2022-01-03,7.12,Non Open Resolvers,1236
3,2022-01-04,7.14,Non Open Resolvers,1302
4,2022-01-05,7.21,Non Open Resolvers,1400
5,2022-01-06,4.99,Non Open Resolvers,1685
6,2022-01-07,7.29,Non Open Resolvers,1482
7,2022-01-08,7.44,Non Open Resolvers,1681
8,2022-01-09,8.05,Non Open Resolvers,1429
9,2022-01-10,4.94,Non Open Resolvers,1681
10,2022-01-11,6.93,Non Open Resolvers,1746
11,2022-01-12,7.48,Non Open Resolvers,1777
12,2022-01-13,4.78,Non Open Resolvers,1715
13,2022-01-14,5.42,Non Open Resolvers,1753
14,2022-01-15,5.86,Non Open Resolvers,2029
15,2022-01-16,6.03,Non Open Resolvers,1691
16,2022-01-17,6.92,Non Open Resolvers,1517
17,2022-01-18,5.1,Non Open Resolvers,1647
18,2022-01-19,6.27,Non Open Resolvers,1594
19,2022-01-20,5.77,Non Open Resolvers,1873
20,2022-01-21,3.61,Non Open Resolvers,1662
21,2022-01-22,4.76,Non Open Resolvers,1743
22,2022-01-23,5.65,Non Open Resolvers,1770
23,2022-01-24,4.0,Non Open Resolvers,1526
24,2022-01-25,5.23,Non Open Resolvers,1644
25,2022-01-26,2.08,Non Open Resolvers,1728
26,2022-01-27,4.7,Non Open Resolvers,1597
27,2022-01-28,4.2,Non Open Resolvers,1619
28,2022-01-29,3.89,Non Open Resolvers,1747
29,2022-01-30,3.92,Non Open Resolvers,1479
30,2022-01-31,2.48,Non Open Resolvers,1610
31,2022-02-01,3.66,Non Open Resolvers,1528
32,2022-02-02,2.83,Non Open Resolvers,1769
33,2022-02-03,2.65,Non Open Resolvers,2035
34,2022-02-04,2.65,Non Open Resolvers,1284
35,2022-02-05,1.34,Non Open Resolvers,1190
36,2022-02-06,3.78,Non Open Resolvers,1509
37,2022-02-07,4.44,Non Open Resolvers,1036
38,2022-02-08,5.62,Non Open Resolvers,961
39,2022-02-09,3.88,Non Open Resolvers,1315
40,2022-02-10,3.31,Non Open Resolvers,1086
41,2022-02-11,4.09,Non Open Resolvers,1126
42,2022-02-12,2.91,Non Open Resolvers,1066
43,2022-02-13,4.43,Non Open Resolvers,1378
44,2022-02-14,4.95,Non Open Resolvers,1213
45,2022-02-15,4.26,Non Open Resolvers,1501
46,2022-02-16,4.72,Non Open Resolvers,1166
47,2022-02-17,3.53,Non Open Resolvers,1248
48,2022-02-18,2.69,Non Open Resolvers,929
49,2022-02-19,3.81,Non Open Resolvers,1181
50,2022-02-20,4.38,Non Open Resolvers,959
51,2022-02-21,5.1,Non Open Resolvers,1137
52,2022-02-22,4.93,Non Open Resolvers,1279
53,2022-02-23,4.13,Non Open Resolvers,1405
54,2022-02-24,3.99,Non Open Resolvers,1228
55,2022-02-25,3.37,Non Open Resolvers,1097
56,2022-02-26,4.51,Non Open Resolvers,1243
57,2022-02-27,3.52,Non Open Resolvers,1306
58,2022-02-28,3.23,Non Open Resolvers,929
59,2022-03-01,2.27,Non Open Resolvers,880
60,2022-03-02,6.37,Non Open Resolvers,879
61,2022-03-03,4.17,Non Open Resolvers,959
62,2022-03-04,4.68,Non Open Resolvers,1046
63,2022-03-05,4.72,Non Open Resolvers,1017
64,2022-03-06,3.69,Non Open Resolvers,948
65,2022-03-07,6.19,Non Open Resolvers,1017
66,2022-03-08,4.21,Non Open Resolvers,1211
67,2022-03-09,4.71,Non Open Resolvers,807
68,2022-03-10,7.09,Non Open Resolvers,945
69,2022-03-11,2.98,Non Open Resolvers,872
70,2022-03-12,4.69,Non Open Resolvers,980
71,2022-03-13,2.77,Non Open Resolvers,1047
72,2022-03-14,4.13,Non Open Resolvers,1137
73,2022-03-15,5.94,Non Open Resolvers,1060
74,2022-03-16,5.99,Non Open Resolvers,969
75,2022-03-17,5.46,Non Open Resolvers,879
76,2022-03-18,3.08,Non Open Resolvers,943
77,2022-03-19,3.18,Non Open Resolvers,1038
78,2022-03-20,4.2,Non Open Resolvers,977
79,2022-03-21,2.13,Non Open Resolvers,984
80,2022-03-22,3.6,Non Open Resolvers,861
81,2022-03-23,5.49,Non Open Resolvers,710
82,2022-03-24,4.24,Non Open Resolvers,1014
83,2022-03-25,3.35,Non Open Resolvers,1045
84,2022-03-26,3.62,Non Open Resolvers,1076
85,2022-03-27,3.16,Non Open Resolvers,950
86,2022-03-28,3.48,Non Open Resolvers,978
87,2022-03-29,3.68,Non Open Resolvers,950
88,2022-03-30,5.85,Non Open Resolvers,958
89,2022-03-31,5.53,Non Open Resolvers,1122
90,2022-04-01,3.6,Non Open Resolvers,1028
91,2022-04-02,4.96,Non Open Resolvers,968
92,2022-04-03,4.02,Non Open Resolvers,946
93,2022-04-04,3.96,Non Open Resolvers,1085
94,2022-04-05,4.19,Non Open Resolvers,1075
95,2022-04-06,2.76,Non Open Resolvers,1339
96,2022-04-07,3.57,Non Open Resolvers,1234
97,2022-04-08,4.52,Non Open Resolvers,1083
98,2022-04-09,4.92,Non Open Resolvers,1200
99,2022-04-10,5.05,Non Open Resolvers,1209
100,2022-04-11,4.79,Non Open Resolvers,1065
101,2022-04-12,4.2,Non Open Resolvers,1287
102,2022-04-13,2.85,Non Open Resolvers,1509
103,2022-04-14,4.45,Non Open Resolvers,1235
104,2022-04-15,5.97,Non Open Resolvers,1173
105,2022-04-16,4.25,Non Open Resolvers,1413
106,2022-04-17,3.69,Non Open Resolvers,1355
107,2022-04-18,4.01,Non Open Resolvers,1196
108,2022-04-19,4.35,Non Open Resolvers,1332
109,2022-04-20,4.94,Non Open Resolvers,1235
110,2022-04-21,5.22,Non Open Resolvers,1380
111,2022-04-22,4.56,Non Open Resolvers,1074
112,2022-04-23,4.53,Non Open Resolvers,1236
113,2022-04-24,7.03,Non Open Resolvers,1323
114,2022-04-25,5.86,Non Open Resolvers,1007
115,2022-04-26,3.75,Non Open Resolvers,1281
116,2022-04-27,6.28,Non Open Resolvers,1194
117,2022-04-28,3.63,Non Open Resolvers,1130
118,2022-04-29,3.75,Non Open Resolvers,986
119,2022-04-30,4.18,Non Open Resolvers,1173
120,2022-05-01,7.82,Non Open Resolvers,921
121,2022-05-02,3.2,Non Open Resolvers,905
122,2022-05-03,4.52,Non Open Resolvers,1062
123,2022-05-04,3.15,Non Open Resolvers,1367
124,2022-05-05,4.14,Non Open Resolvers,1208
125,2022-05-06,8.08,Non Open Resolvers,1262
126,2022-05-07,3.95,Non Open Resolvers,1240
127,2022-05-08,6.57,Non Open Resolvers,1218
128,2022-05-09,6.53,Non Open Resolvers,996
129,2022-05-10,4.44,Non Open Resolvers,1261
130,2022-05-12,4.57,Non Open Resolvers,1138
131,2022-05-13,2.99,Non Open Resolvers,803
132,2022-05-14,5.47,Non Open Resolvers,768
133,2022-05-15,3.94,Non Open Resolvers,938
134,2022-05-16,5.0,Non Open Resolvers,1060
135,2022-05-17,5.1,Non Open Resolvers,941
136,2022-05-18,3.69,Non Open Resolvers,841
137,2022-05-19,3.11,Non Open Resolvers,772
138,2022-05-20,3.92,Non Open Resolvers,943
139,2022-05-21,4.62,Non Open Resolvers,1146
140,2022-05-22,3.61,Non Open Resolvers,1330
141,2022-05-23,5.35,Non Open Resolvers,878
142,2022-05-24,3.72,Non Open Resolvers,915
143,2022-05-25,4.3,Non Open Resolvers,883
144,2022-05-26,4.88,Non Open Resolvers,963
145,2022-05-27,4.17,Non Open Resolvers,935
146,2022-05-28,4.0,Non Open Resolvers,900
147,2022-05-29,4.21,Non Open Resolvers,760
148,2022-05-30,4.04,Non Open Resolvers,989
149,2022-05-31,4.35,Non Open Resolvers,1012
150,2022-06-01,4.84,Non Open Resolvers,910
151,2022-06-02,4.79,Non Open Resolvers,815
152,2022-06-03,5.5,Non Open Resolvers,745
153,2022-06-04,1.52,Non Open Resolvers,792
154,2022-06-05,3.46,Non Open Resolvers,809
155,2022-06-06,4.59,Non Open Resolvers,849
156,2022-06-07,2.55,Non Open Resolvers,863
157,2022-06-08,4.61,Non Open Resolvers,673
158,2022-06-09,5.66,Non Open Resolvers,689
159,2022-06-10,5.2,Non Open Resolvers,711
160,2022-06-11,4.4,Non Open Resolvers,863
161,2022-06-12,4.56,Non Open Resolvers,812
162,2022-06-13,5.7,Non Open Resolvers,790
163,2022-06-14,3.18,Non Open Resolvers,974
164,2022-06-15,7.25,Non Open Resolvers,910
165,2022-06-16,7.5,Non Open Resolvers,720
166,2022-06-17,2.34,Non Open Resolvers,768
167,2022-06-18,6.69,Non Open Resolvers,882
168,2022-06-19,5.06,Non Open Resolvers,850
169,2022-06-20,4.71,Non Open Resolvers,956
170,2022-06-21,5.61,Non Open Resolvers,731
171,2022-06-22,3.86,Non Open Resolvers,751
172,2022-06-23,3.57,Non Open Resolvers,868
173,2022-06-24,5.01,Non Open Resolvers,699
174,2022-06-25,5.91,Non Open Resolvers,913
175,2022-06-26,6.77,Non Open Resolvers,813
176,2022-06-27,4.38,Non Open Resolvers,731
177,2022-06-28,5.91,Non Open Resolvers,660
178,2022-06-29,5.3,Non Open Resolvers,773
179,2022-06-30,7.05,Non Open Resolvers,695
180,2022-07-01,3.81,Non Open Resolvers,578
181,2022-07-02,6.83,Non Open Resolvers,688
182,2022-07-03,4.2,Non Open Resolvers,714
183,2022-07-04,6.4,Non Open Resolvers,781
184,2022-07-05,5.3,Non Open Resolvers,679
185,2022-07-06,12.65,Non Open Resolvers,751
186,2022-07-07,7.68,Non Open Resolvers,716
187,2022-07-08,6.2,Non Open Resolvers,629
188,2022-07-09,9.02,Non Open Resolvers,687
189,2022-07-10,9.78,Non Open Resolvers,552
190,2022-07-11,6.76,Non Open Resolvers,651
191,2022-07-12,11.49,Non Open Resolvers,583
192,2022-07-13,7.28,Non Open Resolvers,536
193,2022-07-14,6.24,Non Open Resolvers,673
194,2022-07-15,6.96,Non Open Resolvers,546
195,2022-07-16,5.34,Non Open Resolvers,655
196,2022-07-17,2.95,Non Open Resolvers,643
197,2022-07-18,2.08,Non Open Resolvers,865
198,2022-07-19,3.19,Non Open Resolvers,846
199,2022-07-20,4.63,Non Open Resolvers,735
200,2022-07-21,3.71,Non Open Resolvers,862
201,2022-07-22,1.77,Non Open Resolvers,736
202,2022-07-23,3.36,Non Open Resolvers,833
203,2022-07-24,3.96,Non Open Resolvers,884
204,2022-07-25,2.16,Non Open Resolvers,1020
205,2022-07-26,2.65,Non Open Resolvers,1095
206,2022-07-27,4.37,Non Open Resolvers,1189
207,2022-07-28,2.38,Non Open Resolvers,1134
208,2022-07-29,4.38,Non Open Resolvers,1118
209,2022-07-30,3.51,Non Open Resolvers,998
210,2022-07-31,3.69,Non Open Resolvers,1029
211,2022-08-01,2.66,Non Open Resolvers,1164
212,2022-08-02,3.71,Non Open Resolvers,1158
213,2022-08-03,1.96,Non Open Resolvers,1273
214,2022-08-04,2.93,Non Open Resolvers,1263
215,2022-08-05,1.91,Non Open Resolvers,1468
216,2022-08-06,2.11,Non Open Resolvers,1422
217,2022-08-07,2.22,Non Open Resolvers,1534
218,2022-08-08,2.53,Non Open Resolvers,1303
219,2022-08-09,2.46,Non Open Resolvers,1341
220,2022-08-10,4.08,Non Open Resolvers,1202
221,2022-08-11,1.44,Non Open Resolvers,1661
222,2022-08-12,2.09,Non Open Resolvers,1432
223,2022-08-13,1.43,Non Open Resolvers,1612
224,2022-08-14,1.7,Non Open Resolvers,1118
225,2022-08-15,1.72,Non Open Resolvers,1164
226,2022-08-16,3.02,Non Open Resolvers,1126
227,2022-08-17,2.07,Non Open Resolvers,1159
228,2022-08-18,1.58,Non Open Resolvers,1206
229,2022-08-19,1.81,Non Open Resolvers,1105
230,2022-08-20,1.7,Non Open Resolvers,1353
231,2022-08-21,3.02,Non Open Resolvers,1192
232,2022-08-22,3.55,Non Open Resolvers,1408
233,2022-08-23,3.48,Non Open Resolvers,1236
234,2022-08-24,1.78,Non Open Resolvers,1573
235,2022-08-25,2.57,Non Open Resolvers,1283
236,2022-08-26,1.7,Non Open Resolvers,1234
237,2022-08-27,1.01,Non Open Resolvers,1393
238,2022-08-28,3.72,Non Open Resolvers,1236
239,2022-08-29,11.3,Non Open Resolvers,1106
240,2022-08-30,20.4,Non Open Resolvers,1211
241,2022-08-31,28.07,Non Open Resolvers,741
242,2022-09-01,17.38,Non Open Resolvers,1283
243,2022-09-02,27.97,Non Open Resolvers,1298
244,2022-09-04,11.06,Non Open Resolvers,1501
245,2022-09-05,2.25,Non Open Resolvers,1556
246,2022-09-06,3.48,Non Open Resolvers,1837
247,2022-09-08,10.73,Non Open Resolvers,1771
248,2022-09-09,8.6,Non Open Resolvers,1488
249,2022-09-10,4.58,Non Open Resolvers,1857
250,2022-09-11,0.88,Non Open Resolvers,1475
251,2022-09-12,1.42,Non Open Resolvers,1622
252,2022-09-14,1.74,Non Open Resolvers,1894
253,2022-09-15,2.63,Non Open Resolvers,1749
254,2022-09-16,1.38,Non Open Resolvers,1591
255,2022-09-17,1.58,Non Open Resolvers,1452
256,2022-09-18,3.21,Non Open Resolvers,1712
257,2022-09-19,2.97,Non Open Resolvers,1481
258,2022-09-20,7.99,Non Open Resolvers,1302
259,2022-09-21,4.89,Non Open Resolvers,1044
260,2022-09-22,2.6,Non Open Resolvers,1231
261,2022-09-23,3.45,Non Open Resolvers,1132
262,2022-09-24,3.19,Non Open Resolvers,1097
263,2022-09-25,3.45,Non Open Resolvers,1071
264,2022-09-26,3.42,Non Open Resolvers,877
265,2022-09-27,4.55,Non Open Resolvers,989
266,2022-09-28,2.55,Non Open Resolvers,901
267,2022-09-29,4.82,Non Open Resolvers,893
268,2022-09-30,4.53,Non Open Resolvers,817
269,2022-10-01,1.43,Non Open Resolvers,629
270,2022-10-02,2.56,Non Open Resolvers,664
271,2022-10-03,3.89,Non Open Resolvers,617
272,2022-10-04,3.9,Non Open Resolvers,821
273,2022-10-05,4.26,Non Open Resolvers,938
274,2022-10-06,3.65,Non Open Resolvers,877
275,2022-10-07,5.46,Non Open Resolvers,604
276,2022-10-08,5.2,Non Open Resolvers,788
277,2022-10-09,2.5,Non Open Resolvers,879
278,2022-10-10,3.15,Non Open Resolvers,921
279,2022-10-11,0.9,Non Open Resolvers,998
280,2022-10-12,3.23,Non Open Resolvers,1023
281,2022-10-13,2.81,Non Open Resolvers,926
282,2022-10-14,2.9,Non Open Resolvers,792
283,2022-10-15,4.66,Non Open Resolvers,751
284,2022-10-16,3.61,Non Open Resolvers,721
285,2022-10-17,10.91,Non Open Resolvers,660
286,2022-10-18,7.0,Non Open Resolvers,586
287,2022-10-19,1.67,Non Open Resolvers,539
288,2022-10-20,1.0,Non Open Resolvers,701
289,2022-10-21,0.0,Non Open Resolvers,685
290,2022-10-22,0.8,Non Open Resolvers,622
291,2022-10-23,0.96,Non Open Resolvers,521
292,2022-10-24,0.61,Non Open Resolvers,493
293,2022-10-25,0.18,Non Open Resolvers,569
294,2022-10-26,0.0,Non Open Resolvers,682
295,2022-10-27,0.75,Non Open Resolvers,530
296,2022-10-28,0.99,Non Open Resolvers,704
297,2022-10-29,0.65,Non Open Resolvers,620
298,2022-10-30,0.56,Non Open Resolvers,539
299,2022-10-31,0.72,Non Open Resolvers,557
300,2022-11-01,0.31,Non Open Resolvers,639
301,2022-11-02,1.11,Non Open Resolvers,718
302,2022-11-03,4.08,Non Open Resolvers,686
303,2022-11-04,3.18,Non Open Resolvers,629
304,2022-11-05,3.17,Non Open Resolvers,756
305,2022-11-06,6.67,Non Open Resolvers,675
306,2022-11-07,3.09,Non Open Resolvers,711
307,2022-11-08,6.7,Non Open Resolvers,761
308,2022-11-09,2.95,Non Open Resolvers,644
309,2022-11-10,5.26,Non Open Resolvers,893
310,2022-11-11,2.39,Non Open Resolvers,587
311,2022-11-12,2.71,Non Open Resolvers,517
312,2022-11-13,2.68,Non Open Resolvers,597
313,2022-11-14,3.12,Non Open Resolvers,640
314,2022-11-15,2.79,Non Open Resolvers,646
315,2022-11-16,2.93,Non Open Resolvers,615
316,2022-11-17,2.77,Non Open Resolvers,542
317,2022-11-18,4.13,Non Open Resolvers,653
318,2022-11-19,5.06,Non Open Resolvers,711
319,2022-11-20,5.19,Non Open Resolvers,810
320,2022-11-21,4.43,Non Open Resolvers,745
321,2022-11-22,2.95,Non Open Resolvers,677
322,2022-11-23,4.34,Non Open Resolvers,738
323,2022-11-24,6.47,Non Open Resolvers,835
324,2022-11-25,3.52,Non Open Resolvers,823
325,2022-11-26,5.82,Non Open Resolvers,808
326,2022-11-27,5.01,Non Open Resolvers,678
327,2022-11-28,3.29,Non Open Resolvers,759
328,2022-11-29,1.37,Non Open Resolvers,876
329,2022-11-30,2.43,Non Open Resolvers,824
330,2022-12-01,27.99,Non Open Resolvers,886
331,2022-12-02,92.62,Non Open Resolvers,1043
332,2022-12-03,94.09,Non Open Resolvers,964
333,2022-12-04,91.91,Non Open Resolvers,878
334,2022-12-05,93.05,Non Open Resolvers,1022
335,2022-12-06,88.43,Non Open Resolvers,821
336,2022-12-07,93.72,Non Open Resolvers,892
337,2022-12-08,89.14,Non Open Resolvers,1096
338,2022-12-09,94.17,Non Open Resolvers,1097
339,2022-12-10,93.03,Non Open Resolvers,975
340,2022-12-11,91.11,Non Open Resolvers,1012
341,2022-12-12,83.53,Non Open Resolvers,996
342,2022-12-13,84.73,Non Open Resolvers,812
343,2022-12-14,75.58,Non Open Resolvers,819
344,2022-12-15,84.63,Non Open Resolvers,872
345,2022-12-16,87.28,Non Open Resolvers,896
346,2022-12-17,84.49,Non Open Resolvers,806
347,2022-12-18,86.92,Non Open Resolvers,841
348,2022-12-19,87.33,Non Open Resolvers,813
349,2022-12-20,88.82,Non Open Resolvers,912
350,2022-12-21,85.33,Non Open Resolvers,852
351,2022-12-22,87.12,Non Open Resolvers,877
352,2022-12-23,85.89,Non Open Resolvers,879
353,2022-12-24,84.05,Non Open Resolvers,865
354,2022-12-25,87.32,Non Open Resolvers,899
355,2022-12-26,87.75,Non Open Resolvers,808
356,2022-12-27,86.85,Non Open Resolvers,745
357,2022-12-28,87.49,Non Open Resolvers,871
358,2022-12-29,88.31,Non Open Resolvers,804
359,2022-12-30,88.28,Non Open Resolvers,674
360,2022-12-31,86.85,Non Open Resolvers,783
361,2023-01-01,4.21,Non Open Resolvers,594
362,2023-01-02,4.45,Non Open Resolvers,719
363,2023-01-03,86.18,Non Open Resolvers,702
364,2023-01-04,82.96,Non Open Resolvers,757
365,2023-01-05,87.77,Non Open Resolvers,801
366,2023-01-06,88.77,Non Open Resolvers,721
367,2023-01-07,89.36,Non Open Resolvers,733
368,2023-01-08,89.34,Non Open Resolvers,666
369,2023-01-09,86.36,Non Open Resolvers,814
370,2023-01-10,1.11,Non Open Resolvers,723
371,2023-01-11,87.57,Non Open Resolvers,724
372,2023-01-12,83.81,Non Open Resolvers,704
373,2023-01-13,86.6,Non Open Resolvers,582
374,2023-01-14,86.74,Non Open Resolvers,513
375,2023-01-15,84.72,Non Open Resolvers,615
376,2023-01-16,83.43,Non Open Resolvers,525
377,2023-01-17,81.78,Non Open Resolvers,472
378,2023-01-18,86.59,Non Open Resolvers,552
379,2023-01-19,83.71,Non Open Resolvers,571
380,2023-01-20,88.51,Non Open Resolvers,583
381,2023-01-21,83.49,Non Open Resolvers,533
382,2023-01-22,85.83,Non Open Resolvers,515
383,2023-01-23,85.28,Non Open Resolvers,530
384,2023-01-24,85.81,Non Open Resolvers,465
385,2023-01-31,77.12,Non Open Resolvers,944
386,2023-02-01,80.74,Non Open Resolvers,1106
387,2023-02-02,85.8,Non Open Resolvers,1275
388,2023-02-03,83.12,Non Open Resolvers,1511
389,2023-02-04,85.73,Non Open Resolvers,1254
390,2023-02-05,82.98,Non Open Resolvers,1398
391,2023-02-06,85.99,Non Open Resolvers,1527
392,2023-02-07,85.39,Non Open Resolvers,1280
393,2023-02-08,88.74,Non Open Resolvers,977
394,2023-02-09,88.52,Non Open Resolvers,1176
395,2023-02-10,84.93,Non Open Resolvers,1035
396,2023-02-11,89.45,Non Open Resolvers,1081
397,2023-02-12,86.14,Non Open Resolvers,938
398,2023-02-13,86.89,Non Open Resolvers,1144
399,2023-02-14,86.5,Non Open Resolvers,1274
400,2023-02-15,69.86,Non Open Resolvers,1148
401,2023-02-16,85.39,Non Open Resolvers,1109
402,2023-02-17,83.92,Non Open Resolvers,1051
403,2023-02-18,86.28,Non Open Resolvers,991
404,2023-02-19,83.3,Non Open Resolvers,982
405,2023-02-20,83.28,Non Open Resolvers,939
406,2023-02-21,87.08,Non Open Resolvers,813
407,2023-02-22,92.16,Non Open Resolvers,855
408,2023-02-23,92.1,Non Open Resolvers,911
409,2023-02-24,93.96,Non Open Resolvers,1077
410,2023-02-25,87.21,Non Open Resolvers,1063
411,2023-02-26,88.84,Non Open Resolvers,1039
412,2023-02-27,92.26,Non Open Resolvers,1034
413,2023-02-28,87.12,Non Open Resolvers,1025
414,2023-03-01,87.11,Non Open Resolvers,908
415,2023-03-02,92.34,Non Open Resolvers,1057
416,2023-03-03,93.98,Non Open Resolvers,1230
417,2023-03-04,91.64,Non Open Resolvers,1184
418,2023-03-05,91.21,Non Open Resolvers,1195
419,2023-03-06,91.16,Non Open Resolvers,1177
420,2023-03-07,92.5,Non Open Resolvers,1174
421,2023-03-08,89.41,Non Open Resolvers,1039
422,2023-03-09,92.82,Non Open Resolvers,1044
423,2023-03-10,70.93,Non Open Resolvers,922
424,2023-03-11,92.26,Non Open Resolvers,943
425,2023-03-12,93.83,Non Open Resolvers,908
426,2023-03-13,90.13,Non Open Resolvers,1044
427,2023-03-14,92.63,Non Open Resolvers,841
428,2023-03-15,90.71,Non Open Resolvers,1077
429,2023-03-16,91.66,Non Open Resolvers,1043
430,2023-03-17,95.33,Non Open Resolvers,1091
431,2023-03-18,92.74,Non Open Resolvers,881
432,2023-03-19,93.76,Non Open Resolvers,882
433,2023-03-20,91.45,Non Open Resolvers,1017
434,2023-03-21,78.11,Non Open Resolvers,877
435,2023-03-22,3.38,Non Open Resolvers,829
436,2023-03-23,11.42,Non Open Resolvers,1016
437,2023-03-24,0.34,Non Open Resolvers,1165
438,2023-03-25,2.0,Non Open Resolvers,1001
439,2023-03-26,2.03,Non Open Resolvers,1082
440,2023-03-27,2.37,Non Open Resolvers,1011
441,2023-03-28,11.52,Non Open Resolvers,1137
442,2023-03-29,1.5,Non Open Resolvers,998
443,2023-03-30,11.37,Non Open Resolvers,1082
444,2023-03-31,0.42,Non Open Resolvers,959
445,2023-04-01,5.76,Non Open Resolvers,1093
446,2023-04-02,10.95,Non Open Resolvers,1132
447,2023-04-03,2.27,Non Open Resolvers,1233
448,2023-04-04,11.01,Non Open Resolvers,1117
449,2023-04-05,7.32,Non Open Resolvers,1243
450,2023-04-06,9.14,Non Open Resolvers,1269
451,2023-04-07,1.88,Non Open Resolvers,1279
452,2023-04-08,13.45,Non Open Resolvers,1331
453,2023-04-09,2.23,Non Open Resolvers,1483
454,2023-04-10,12.01,Non Open Resolvers,1466
455,2023-04-11,0.97,Non Open Resolvers,1440
456,2023-04-12,1.59,Non Open Resolvers,1261
457,2023-04-13,1.66,Non Open Resolvers,1142
458,2023-04-14,7.22,Non Open Resolvers,1537
459,2023-04-15,2.58,Non Open Resolvers,1395
460,2023-04-16,11.25,Non Open Resolvers,1298
461,2023-04-18,8.54,Non Open Resolvers,1381
462,2023-04-19,1.76,Non Open Resolvers,1480
463,2023-04-20,1.44,Non Open Resolvers,1254
464,2023-04-21,1.59,Non Open Resolvers,1511
465,2023-04-22,0.73,Non Open Resolvers,1379
466,2023-04-23,1.17,Non Open Resolvers,1111
467,2023-04-24,3.05,Non Open Resolvers,1081
468,2023-04-25,4.12,Non Open Resolvers,1166
469,2023-04-26,2.52,Non Open Resolvers,1109
470,2023-04-27,1.92,Non Open Resolvers,1044
471,2023-04-28,3.22,Non Open Resolvers,1087
472,2023-04-29,1.02,Non Open Resolvers,1177
473,2023-04-30,1.43,Non Open Resolvers,1046
474,2023-05-01,5.65,Non Open Resolvers,1079
475,2023-05-02,92.67,Non Open Resolvers,1310
476,2023-05-03,93.3,Non Open Resolvers,1522
477,2023-05-04,93.62,Non Open Resolvers,1411
478,2023-05-05,95.28,Non Open Resolvers,1545
479,2023-05-06,93.08,Non Open Resolvers,1416
480,2023-05-07,92.5,Non Open Resolvers,1280
481,2023-05-08,93.31,Non Open Resolvers,1376
482,2023-05-09,90.38,Non Open Resolvers,1393
483,2023-05-10,91.94,Non Open Resolvers,1538
484,2023-05-11,94.64,Non Open Resolvers,1493
485,2023-05-12,94.36,Non Open Resolvers,1559
486,2023-05-13,95.6,Non Open Resolvers,1386
487,2023-05-14,92.46,Non Open Resolvers,1379
488,2023-05-15,90.33,Non Open Resolvers,1427
489,2023-05-16,92.68,Non Open Resolvers,1339
490,2023-05-17,89.81,Non Open Resolvers,1188
491,2023-05-18,92.26,Non Open Resolvers,1305
492,2023-05-19,93.29,Non Open Resolvers,1178
493,2023-05-20,94.03,Non Open Resolvers,1222
494,2023-05-21,94.46,Non Open Resolvers,1191
495,2023-05-22,92.62,Non Open Resolvers,1097
496,2023-05-23,93.55,Non Open Resolvers,1023
497,2023-05-24,87.97,Non Open Resolvers,1089
498,2023-05-25,90.78,Non Open Resolvers,954
499,2023-05-26,95.13,Non Open Resolvers,863
500,2023-05-27,94.29,Non Open Resolvers,963
501,2023-05-28,93.9,Non Open Resolvers,983
502,2023-05-29,92.81,Non Open Resolvers,1112
503,2023-05-30,93.08,Non Open Resolvers,910
504,2023-05-31,82.97,Non Open Resolvers,1051
505,2023-06-01,94.08,Non Open Resolvers,1182
506,2023-06-02,95.4,Non Open Resolvers,1522
507,2023-06-03,94.79,Non Open Resolvers,1421
508,2023-06-04,94.05,Non Open Resolvers,1193
509,2023-06-05,94.07,Non Open Resolvers,1333
510,2023-06-06,94.22,Non Open Resolvers,1316
511,2023-06-07,22.77,Non Open Resolvers,1234
512,2023-06-09,41.0,Non Open Resolvers,1417
513,2023-06-10,88.86,Non Open Resolvers,1400
514,2023-06-11,91.02,Non Open Resolvers,1225
515,2023-06-12,82.39,Non Open Resolvers,994
516,2023-06-13,88.12,Non Open Resolvers,825
517,2023-06-14,83.4,Non Open Resolvers,1169
518,2023-06-15,91.81,Non Open Resolvers,1172
519,2023-06-16,93.39,Non Open Resolvers,1044
520,2023-06-17,94.59,Non Open Resolvers,869
521,2023-06-18,91.53,Non Open Resolvers,1027
522,2023-06-19,94.29,Non Open Resolvers,1068
523,2023-06-20,94.27,Non Open Resolvers,942
524,2023-06-21,87.02,Non Open Resolvers,863
525,2023-06-22,97.09,Non Open Resolvers,963
526,2023-06-23,96.86,Non Open Resolvers,861
527,2023-06-24,95.48,Non Open Resolvers,796
528,2023-06-25,93.46,Non Open Resolvers,703
529,2023-06-26,96.09,Non Open Resolvers,818
530,2023-06-27,97.03,Non Open Resolvers,572
531,2023-06-28,91.97,Non Open Resolvers,685
532,2023-06-29,94.13,Non Open Resolvers,784
533,2023-06-30,97.26,Non Open Resolvers,731
534,2023-07-01,96.81,Non Open Resolvers,721
535,2023-07-02,98.06,Non Open Resolvers,620
536,2023-07-03,97.86,Non Open Resolvers,608
537,2023-07-04,97.58,Non Open Resolvers,826
538,2023-07-05,96.2,Non Open Resolvers,737
539,2023-07-06,96.58,Non Open Resolvers,761
540,2023-07-07,95.78,Non Open Resolvers,759
541,2023-07-08,97.32,Non Open Resolvers,783
542,2023-07-09,96.83,Non Open Resolvers,631
543,2023-07-10,97.98,Non Open Resolvers,793
544,2023-07-11,95.65,Non Open Resolvers,483
545,2023-07-13,97.46,Non Open Resolvers,591
546,2023-07-14,97.99,Non Open Resolvers,596
547,2023-07-15,97.6,Non Open Resolvers,707
548,2023-07-16,95.19,Non Open Resolvers,645
549,2023-07-17,97.2,Non Open Resolvers,749
550,2023-07-18,97.33,Non Open Resolvers,750
551,2023-07-19,97.3,Non Open Resolvers,740
552,2023-07-20,97.1,Non Open Resolvers,656
553,2023-07-21,96.24,Non Open Resolvers,719
554,2023-07-22,98.12,Non Open Resolvers,532
555,2023-07-23,93.46,Non Open Resolvers,596
556,2023-07-24,94.59,Non Open Resolvers,684
557,2023-07-25,87.56,Non Open Resolvers,635
558,2023-07-26,97.7,Non Open Resolvers,608
559,2023-07-27,81.17,Non Open Resolvers,669
560,2023-07-28,79.8,Non Open Resolvers,604
561,2023-07-29,79.37,Non Open Resolvers,732
562,2023-07-30,81.75,Non Open Resolvers,707
563,2023-07-31,82.89,Non Open Resolvers,567
564,2023-08-01,82.71,Non Open Resolvers,694
565,2023-08-02,79.59,Non Open Resolvers,691
566,2023-08-03,80.53,Non Open Resolvers,719
567,2023-08-04,84.26,Non Open Resolvers,667
568,2023-08-05,96.61,Non Open Resolvers,678
569,2023-08-06,97.31,Non Open Resolvers,595
570,2023-08-07,91.69,Non Open Resolvers,626
571,2023-08-08,89.82,Non Open Resolvers,619
572,2023-08-09,89.31,Non Open Resolvers,655
573,2023-08-10,96.99,Non Open Resolvers,532
574,2023-08-11,97.01,Non Open Resolvers,938
575,2023-08-12,91.5,Non Open Resolvers,1059
576,2023-08-13,96.08,Non Open Resolvers,943
577,2023-08-14,98.08,Non Open Resolvers,833
578,2023-08-15,97.37,Non Open Resolvers,949
579,2023-08-16,82.46,Non Open Resolvers,821
580,2023-08-17,74.12,Non Open Resolvers,626
581,2023-08-18,82.57,Non Open Resolvers,935
582,2023-08-19,69.51,Non Open Resolvers,1092
583,2023-08-20,69.83,Non Open Resolvers,812
584,2023-08-21,65.74,Non Open Resolvers,645
585,2023-08-22,68.5,Non Open Resolvers,892
586,2023-08-23,65.44,Non Open Resolvers,709
587,2023-08-24,62.25,Non Open Resolvers,861
588,2023-08-25,57.51,Non Open Resolvers,826
589,2023-08-26,47.14,Non Open Resolvers,823
590,2023-08-27,56.98,Non Open Resolvers,802
591,2023-08-28,54.04,Non Open Resolvers,768
592,2023-08-29,35.67,Non Open Resolvers,712
593,2023-08-30,29.62,Non Open Resolvers,736
594,2023-08-31,31.87,Non Open Resolvers,524
595,2023-09-02,48.82,Non Open Resolvers,1700
596,2023-09-03,53.62,Non Open Resolvers,953
597,2023-09-04,52.56,Non Open Resolvers,858
598,2023-09-05,54.18,Non Open Resolvers,945
599,2023-09-06,51.64,Non Open Resolvers,761
600,2023-09-07,50.83,Non Open Resolvers,1139
601,2023-09-08,54.71,Non Open Resolvers,1020
602,2023-09-09,48.41,Non Open Resolvers,1068
603,2023-09-10,53.11,Non Open Resolvers,819
604,2023-09-11,48.15,Non Open Resolvers,920
605,2023-09-12,69.68,Non Open Resolvers,1108
606,2023-09-13,66.49,Non Open Resolvers,746
607,2023-09-14,66.78,Non Open Resolvers,1219
608,2023-09-27,52.81,Non Open Resolvers,1475
609,2023-09-28,44.96,Non Open Resolvers,714
610,2023-09-29,41.03,Non Open Resolvers,819
611,2023-09-30,47.84,Non Open Resolvers,671
612,2023-10-01,52.53,Non Open Resolvers,573
613,2023-10-02,48.53,Non Open Resolvers,678
614,2023-10-03,38.88,Non Open Resolvers,769
615,2023-10-04,42.7,Non Open Resolvers,801
616,2023-10-05,39.43,Non Open Resolvers,946
617,2023-10-06,46.44,Non Open Resolvers,745
618,2023-10-07,64.1,Non Open Resolvers,663
619,2023-10-08,73.0,Non Open Resolvers,826
620,2023-10-09,71.59,Non Open Resolvers,690
621,2023-10-10,52.7,Non Open Resolvers,685
622,2023-10-11,41.44,Non Open Resolvers,724
623,2023-10-12,59.55,Non Open Resolvers,895
624,2023-10-13,60.8,Non Open Resolvers,778
625,2023-10-14,48.41,Non Open Resolvers,661
626,2023-10-15,49.8,Non Open Resolvers,769
627,2023-10-16,47.59,Non Open Resolvers,788
628,2023-10-17,47.78,Non Open Resolvers,810
629,2023-10-18,53.1,Non Open Resolvers,597
630,2023-10-19,51.19,Non Open Resolvers,631
631,2023-10-21,50.34,Non Open Resolvers,737
632,2023-10-22,52.61,Non Open Resolvers,555
633,2023-10-23,51.58,Non Open Resolvers,506
634,2023-10-24,56.96,Non Open Resolvers,941
635,2023-10-25,53.8,Non Open Resolvers,933
636,2023-10-26,50.69,Non Open Resolvers,864
637,2023-10-27,52.79,Non Open Resolvers,1093
638,2023-10-28,50.3,Non Open Resolvers,998
639,2023-10-29,59.05,Non Open Resolvers,696
640,2023-10-30,55.58,Non Open Resolvers,941
641,2023-10-31,55.0,Non Open Resolvers,1151
642,2023-11-01,62.39,Non Open Resolvers,1037
643,2023-11-02,63.42,Non Open Resolvers,790
644,2023-11-03,53.03,Non Open Resolvers,1090
645,2023-11-04,58.96,Non Open Resolvers,1613
646,2023-11-05,59.07,Non Open Resolvers,1351
647,2023-11-06,56.37,Non Open Resolvers,722
648,2023-11-07,49.88,Non Open Resolvers,838
649,2023-11-08,53.19,Non Open Resolvers,957
650,2023-11-09,50.3,Non Open Resolvers,666
651,2023-11-10,44.49,Non Open Resolvers,490
652,2023-11-11,49.14,Non Open Resolvers,1860
653,2023-11-12,58.53,Non Open Resolvers,885
654,2023-11-13,62.32,Non Open Resolvers,767
655,2023-11-14,57.6,Non Open Resolvers,592
656,2023-11-15,63.92,Non Open Resolvers,582
657,2023-11-16,56.07,Non Open Resolvers,931
658,2023-11-17,55.71,Non Open Resolvers,587
659,2023-11-18,55.22,Non Open Resolvers,632
660,2023-11-20,50.73,Non Open Resolvers,479
661,2023-11-21,53.1,Non Open Resolvers,403
662,2023-11-22,51.85,Non Open Resolvers,378
663,2023-11-23,50.94,Non Open Resolvers,373
664,2023-11-24,50.89,Non Open Resolvers,450
665,2023-11-25,53.36,Non Open Resolvers,639
666,2023-11-26,58.43,Non Open Resolvers,664
667,2023-11-28,57.25,Non Open Resolvers,407
668,2023-11-29,48.52,Non Open Resolvers,676
669,2023-11-30,55.14,Non Open Resolvers,555
670,2023-12-01,52.66,Non Open Resolvers,826
671,2023-12-02,59.89,Non Open Resolvers,556
672,2023-12-03,58.17,Non Open Resolvers,698
673,2023-12-04,50.18,Non Open Resolvers,552
674,2023-12-05,50.62,Non Open Resolvers,644
675,2023-12-06,55.97,Non Open Resolvers,611
676,2023-12-07,28.88,Non Open Resolvers,786
677,2023-12-08,11.17,Non Open Resolvers,537
678,2023-12-09,40.38,Non Open Resolvers,572
679,2023-12-10,51.7,Non Open Resolvers,706
680,2023-12-11,50.95,Non Open Resolvers,524
681,2023-12-12,56.94,Non Open Resolvers,634
682,2023-12-13,49.48,Non Open Resolvers,776
683,2023-12-14,48.16,Non Open Resolvers,544
684,2023-12-15,54.23,Non Open Resolvers,461
685,2023-12-16,49.12,Non Open Resolvers,509
686,2023-12-17,47.11,Non Open Resolvers,433
687,2023-12-18,50.16,Non Open Resolvers,634
688,2023-12-19,47.13,Non Open Resolvers,628
689,2023-12-20,46.09,Non Open Resolvers,460
690,2023-12-21,46.98,Non Open Resolvers,579
691,2023-12-22,45.26,Non Open Resolvers,475
692,2023-12-23,46.35,Non Open Resolvers,384
693,2023-12-24,46.5,Non Open Resolvers,357
694,2023-12-25,46.63,Non Open Resolvers,371
695,2023-12-26,48.13,Non Open Resolvers,428
696,2023-12-27,45.81,Non Open Resolvers,430
697,2023-12-28,47.5,Non Open Resolvers,360
698,2023-12-29,46.61,Non Open Resolvers,384
699,2023-12-30,45.26,Non Open Resolvers,380
700,2024-01-01,42.92,Non Open Resolvers,424
701,2024-01-02,49.44,Non Open Resolvers,358
702,2024-01-03,48.88,Non Open Resolvers,538
703,2024-01-04,43.87,Non Open Resolvers,506
704,2024-01-05,50.59,Non Open Resolvers,510
705,2024-01-06,43.61,Non Open Resolvers,454
706,2024-01-07,44.65,Non Open Resolvers,533
707,2024-01-08,53.75,Non Open Resolvers,400
708,2024-01-09,41.44,Non Open Resolvers,362
709,2024-01-10,49.75,Non Open Resolvers,601
710,2024-01-11,47.03,Non Open Resolvers,370
711,2024-01-12,55.15,Non Open Resolvers,515
712,2024-01-13,45.47,Non Open Resolvers,805
713,2024-01-14,54.2,Non Open Resolvers,965
714,2024-01-15,51.37,Non Open Resolvers,619
715,2024-01-16,49.49,Non Open Resolvers,687
716,2024-01-17,44.53,Non Open Resolvers,631
717,2024-01-18,44.62,Non Open Resolvers,641
718,2024-01-19,57.26,Non Open Resolvers,482
719,2024-01-20,44.65,Non Open Resolvers,692
720,2024-01-21,54.46,Non Open Resolvers,863
721,2024-01-22,44.25,Non Open Resolvers,1731
722,2024-01-23,49.28,Non Open Resolvers,1380
723,2024-01-24,51.71,Non Open Resolvers,1493
724,2024-01-25,49.86,Non Open Resolvers,724
725,2024-01-26,54.34,Non Open Resolvers,1128
726,2024-01-27,45.67,Non Open Resolvers,992
727,2024-01-28,46.78,Non Open Resolvers,964
728,2024-01-29,48.21,Non Open Resolvers,952
729,2024-01-30,47.91,Non Open Resolvers,1125
730,2024-01-31,53.56,Non Open Resolvers,730
731,2024-02-01,52.81,Non Open Resolvers,623
732,2024-02-02,56.3,Non Open Resolvers,1103
733,2024-02-03,55.82,Non Open Resolvers,756
734,2024-02-04,43.68,Non Open Resolvers,1108
735,2024-02-05,55.96,Non Open Resolvers,1065
736,2024-02-06,48.11,Non Open Resolvers,1056
737,2024-02-07,55.29,Non Open Resolvers,1333
738,2024-02-08,55.71,Non Open Resolvers,1059
739,2024-02-09,55.48,Non Open Resolvers,1013
740,2024-02-10,53.59,Non Open Resolvers,1573
741,2024-02-11,56.57,Non Open Resolvers,1386
742,2024-02-12,52.83,Non Open Resolvers,600
743,2024-02-13,55.52,Non Open Resolvers,1014
744,2024-02-14,50.67,Non Open Resolvers,971
745,2024-02-15,56.56,Non Open Resolvers,937
746,2024-02-16,53.61,Non Open Resolvers,416
747,2024-02-17,56.15,Non Open Resolvers,1040
748,2024-02-18,53.85,Non Open Resolvers,754
749,2024-02-19,47.59,Non Open Resolvers,975
750,2024-02-20,52.08,Non Open Resolvers,768
751,2024-02-21,54.04,Non Open Resolvers,1125
752,2024-02-22,53.64,Non Open Resolvers,837
753,2024-02-23,56.84,Non Open Resolvers,1557
754,2024-02-24,59.57,Non Open Resolvers,1521
755,2024-02-25,47.92,Non Open Resolvers,1058
756,2024-02-26,55.42,Non Open Resolvers,415
757,2024-02-27,44.53,Non Open Resolvers,640
758,2024-02-28,35.42,Non Open Resolvers,765
759,2024-02-29,41.03,Non Open Resolvers,563
760,2024-03-01,36.23,Non Open Resolvers,1681
761,2024-03-02,34.15,Non Open Resolvers,1186
762,2024-03-03,29.87,Non Open Resolvers,1453
763,2024-03-04,35.94,Non Open Resolvers,704
764,2024-03-05,35.99,Non Open Resolvers,589
765,2024-03-06,30.78,Non Open Resolvers,965
766,2024-03-07,36.09,Non Open Resolvers,773
767,2024-03-08,38.22,Non Open Resolvers,1065
768,2024-03-09,41.42,Non Open Resolvers,565
769,2024-03-10,42.12,Non Open Resolvers,876
770,2024-03-11,31.8,Non Open Resolvers,1110
771,2024-03-12,28.38,Non Open Resolvers,1427
772,2024-03-13,32.41,Non Open Resolvers,1222
773,2024-03-14,27.95,Non Open Resolvers,1320
774,2024-03-15,28.03,Non Open Resolvers,1552
775,2024-03-16,36.98,Non Open Resolvers,941
776,2024-03-17,39.51,Non Open Resolvers,820
777,2024-03-18,42.26,Non Open Resolvers,646
778,2024-03-19,38.86,Non Open Resolvers,880
779,2024-03-20,44.43,Non Open Resolvers,673
780,2024-03-21,50.8,Non Open Resolvers,1307
781,2024-03-22,54.23,Non Open Resolvers,1464
782,2024-03-23,51.7,Non Open Resolvers,1325
783,2024-03-24,53.09,Non Open Resolvers,1085
784,2024-03-25,50.53,Non Open Resolvers,1134
785,2024-03-26,54.2,Non Open Resolvers,1382
786,2024-03-27,53.25,Non Open Resolvers,986
787,2024-03-28,60.29,Non Open Resolvers,889
788,2024-03-29,61.49,Non Open Resolvers,979
789,2024-03-31,49.61,Non Open Resolvers,1395
790,2024-04-01,47.75,Non Open Resolvers,1803
791,2024-04-02,43.71,Non Open Resolvers,1487
792,2024-04-03,50.89,Non Open Resolvers,1468
793,2024-04-05,46.59,Non Open Resolvers,1670
794,2024-04-07,42.8,Non Open Resolvers,1645
795,2024-04-08,35.76,Non Open Resolvers,1678
796,2024-04-09,28.14,Non Open Resolvers,1848
797,2024-04-10,34.97,Non Open Resolvers,1367
798,2024-04-11,32.67,Non Open Resolvers,1298
799,2024-04-12,27.48,Non Open Resolvers,1616
800,2024-04-13,28.75,Non Open Resolvers,1701
801,2024-04-14,34.36,Non Open Resolvers,815
802,2024-04-15,32.89,Non Open Resolvers,1271
803,2024-04-16,36.12,Non Open Resolvers,1639
804,2024-04-18,31.87,Non Open Resolvers,1390
805,2024-04-19,35.1,Non Open Resolvers,906
806,2024-04-20,36.04,Non Open Resolvers,1196
807,2024-04-21,33.05,Non Open Resolvers,1389
808,2024-04-22,34.88,Non Open Resolvers,1270
809,2024-04-23,34.22,Non Open Resolvers,1020
810,2024-04-24,31.44,Non Open Resolvers,1212
811,2024-04-25,33.33,Non Open Resolvers,894
812,2024-04-26,27.35,Non Open Resolvers,914
813,2024-04-27,32.44,Non Open Resolvers,897
814,2024-04-28,33.75,Non Open Resolvers,871
815,2024-04-29,37.57,Non Open Resolvers,889
816,2024-04-30,35.82,Non Open Resolvers,857
817,2024-05-01,33.52,Non Open Resolvers,1086
818,2024-05-02,41.62,Non Open Resolvers,949
819,2024-05-03,35.02,Non Open Resolvers,811
820,2024-05-04,36.33,Non Open Resolvers,1112
821,2024-05-05,44.38,Non Open Resolvers,1156
822,2024-05-06,35.5,Non Open Resolvers,1276
823,2024-05-07,38.12,Non Open Resolvers,1204
824,2024-05-08,42.23,Non Open Resolvers,1113
825,2024-05-09,34.47,Non Open Resolvers,998
826,2024-05-10,40.02,Non Open Resolvers,1047
827,2024-05-11,35.35,Non Open Resolvers,1123
828,2024-05-12,34.12,Non Open Resolvers,1187
829,2024-05-13,52.4,Non Open Resolvers,1479
830,2024-05-14,48.6,Non Open Resolvers,1177
831,2024-05-15,40.55,Non Open Resolvers,974
832,2024-05-16,45.03,Non Open Resolvers,1277
833,2024-05-17,32.1,Non Open Resolvers,1327
834,2024-05-18,34.95,Non Open Resolvers,1665
835,2024-05-19,36.04,Non Open Resolvers,1590
836,2024-05-20,32.35,Non Open Resolvers,1564
837,2024-05-21,35.07,Non Open Resolvers,1115
838,2024-05-22,29.32,Non Open Resolvers,1429
839,2024-05-23,44.7,Non Open Resolvers,774
840,2024-05-24,26.01,Non Open Resolvers,1830
841,2024-05-25,27.31,Non Open Resolvers,908
842,2024-05-26,19.77,Non Open Resolvers,1381
843,2024-05-27,29.01,Non Open Resolvers,755
844,2024-05-28,34.2,Non Open Resolvers,652
845,2024-05-29,33.74,Non Open Resolvers,972
846,2024-05-30,33.83,Non Open Resolvers,745
847,2024-05-31,35.1,Non Open Resolvers,681
848,2024-06-01,39.26,Non Open Resolvers,866
849,2024-06-02,30.29,Non Open Resolvers,723
850,2024-06-03,37.75,Non Open Resolvers,1563
851,2022-01-01,92.37,All Open Resolvers,1403
852,2022-01-02,94.37,All Open Resolvers,1296
853,2022-01-03,92.88,All Open Resolvers,1236
854,2022-01-04,92.86,All Open Resolvers,1302
855,2022-01-05,92.79,All Open Resolvers,1400
856,2022-01-06,95.01,All Open Resolvers,1685
857,2022-01-07,92.71,All Open Resolvers,1482
858,2022-01-08,92.56,All Open Resolvers,1681
859,2022-01-09,91.95,All Open Resolvers,1429
860,2022-01-10,95.06,All Open Resolvers,1681
861,2022-01-11,93.07,All Open Resolvers,1746
862,2022-01-12,92.52,All Open Resolvers,1777
863,2022-01-13,95.22,All Open Resolvers,1715
864,2022-01-14,94.58,All Open Resolvers,1753
865,2022-01-15,94.14,All Open Resolvers,2029
866,2022-01-16,93.97,All Open Resolvers,1691
867,2022-01-17,93.08,All Open Resolvers,1517
868,2022-01-18,94.9,All Open Resolvers,1647
869,2022-01-19,93.73,All Open Resolvers,1594
870,2022-01-20,94.23,All Open Resolvers,1873
871,2022-01-21,96.39,All Open Resolvers,1662
872,2022-01-22,95.24,All Open Resolvers,1743
873,2022-01-23,94.35,All Open Resolvers,1770
874,2022-01-24,96.0,All Open Resolvers,1526
875,2022-01-25,94.77,All Open Resolvers,1644
876,2022-01-26,97.92,All Open Resolvers,1728
877,2022-01-27,95.3,All Open Resolvers,1597
878,2022-01-28,95.8,All Open Resolvers,1619
879,2022-01-29,96.11,All Open Resolvers,1747
880,2022-01-30,96.08,All Open Resolvers,1479
881,2022-01-31,97.52,All Open Resolvers,1610
882,2022-02-01,96.34,All Open Resolvers,1528
883,2022-02-02,97.17,All Open Resolvers,1769
884,2022-02-03,97.35,All Open Resolvers,2035
885,2022-02-04,97.35,All Open Resolvers,1284
886,2022-02-05,98.66,All Open Resolvers,1190
887,2022-02-06,96.22,All Open Resolvers,1509
888,2022-02-07,95.56,All Open Resolvers,1036
889,2022-02-08,94.38,All Open Resolvers,961
890,2022-02-09,96.12,All Open Resolvers,1315
891,2022-02-10,96.69,All Open Resolvers,1086
892,2022-02-11,95.91,All Open Resolvers,1126
893,2022-02-12,97.09,All Open Resolvers,1066
894,2022-02-13,95.57,All Open Resolvers,1378
895,2022-02-14,95.05,All Open Resolvers,1213
896,2022-02-15,95.74,All Open Resolvers,1501
897,2022-02-16,95.28,All Open Resolvers,1166
898,2022-02-17,96.47,All Open Resolvers,1248
899,2022-02-18,97.31,All Open Resolvers,929
900,2022-02-19,96.19,All Open Resolvers,1181
901,2022-02-20,95.62,All Open Resolvers,959
902,2022-02-21,94.9,All Open Resolvers,1137
903,2022-02-22,95.07,All Open Resolvers,1279
904,2022-02-23,95.87,All Open Resolvers,1405
905,2022-02-24,96.01,All Open Resolvers,1228
906,2022-02-25,96.63,All Open Resolvers,1097
907,2022-02-26,95.49,All Open Resolvers,1243
908,2022-02-27,96.48,All Open Resolvers,1306
909,2022-02-28,96.77,All Open Resolvers,929
910,2022-03-01,97.73,All Open Resolvers,880
911,2022-03-02,93.63,All Open Resolvers,879
912,2022-03-03,95.83,All Open Resolvers,959
913,2022-03-04,95.32,All Open Resolvers,1046
914,2022-03-05,95.28,All Open Resolvers,1017
915,2022-03-06,96.31,All Open Resolvers,948
916,2022-03-07,93.81,All Open Resolvers,1017
917,2022-03-08,95.79,All Open Resolvers,1211
918,2022-03-09,95.29,All Open Resolvers,807
919,2022-03-10,92.91,All Open Resolvers,945
920,2022-03-11,97.02,All Open Resolvers,872
921,2022-03-12,95.31,All Open Resolvers,980
922,2022-03-13,97.23,All Open Resolvers,1047
923,2022-03-14,95.87,All Open Resolvers,1137
924,2022-03-15,94.06,All Open Resolvers,1060
925,2022-03-16,94.01,All Open Resolvers,969
926,2022-03-17,94.54,All Open Resolvers,879
927,2022-03-18,96.92,All Open Resolvers,943
928,2022-03-19,96.82,All Open Resolvers,1038
929,2022-03-20,95.8,All Open Resolvers,977
930,2022-03-21,97.87,All Open Resolvers,984
931,2022-03-22,96.4,All Open Resolvers,861
932,2022-03-23,94.51,All Open Resolvers,710
933,2022-03-24,95.76,All Open Resolvers,1014
934,2022-03-25,96.65,All Open Resolvers,1045
935,2022-03-26,96.38,All Open Resolvers,1076
936,2022-03-27,96.84,All Open Resolvers,950
937,2022-03-28,96.52,All Open Resolvers,978
938,2022-03-29,96.32,All Open Resolvers,950
939,2022-03-30,94.15,All Open Resolvers,958
940,2022-03-31,94.47,All Open Resolvers,1122
941,2022-04-01,96.4,All Open Resolvers,1028
942,2022-04-02,95.04,All Open Resolvers,968
943,2022-04-03,95.98,All Open Resolvers,946
944,2022-04-04,96.04,All Open Resolvers,1085
945,2022-04-05,95.81,All Open Resolvers,1075
946,2022-04-06,97.24,All Open Resolvers,1339
947,2022-04-07,96.43,All Open Resolvers,1234
948,2022-04-08,95.48,All Open Resolvers,1083
949,2022-04-09,95.08,All Open Resolvers,1200
950,2022-04-10,94.95,All Open Resolvers,1209
951,2022-04-11,95.21,All Open Resolvers,1065
952,2022-04-12,95.8,All Open Resolvers,1287
953,2022-04-13,97.15,All Open Resolvers,1509
954,2022-04-14,95.55,All Open Resolvers,1235
955,2022-04-15,94.03,All Open Resolvers,1173
956,2022-04-16,95.75,All Open Resolvers,1413
957,2022-04-17,96.31,All Open Resolvers,1355
958,2022-04-18,95.99,All Open Resolvers,1196
959,2022-04-19,95.65,All Open Resolvers,1332
960,2022-04-20,95.06,All Open Resolvers,1235
961,2022-04-21,94.78,All Open Resolvers,1380
962,2022-04-22,95.44,All Open Resolvers,1074
963,2022-04-23,95.47,All Open Resolvers,1236
964,2022-04-24,92.97,All Open Resolvers,1323
965,2022-04-25,94.14,All Open Resolvers,1007
966,2022-04-26,96.25,All Open Resolvers,1281
967,2022-04-27,93.72,All Open Resolvers,1194
968,2022-04-28,96.37,All Open Resolvers,1130
969,2022-04-29,96.25,All Open Resolvers,986
970,2022-04-30,95.82,All Open Resolvers,1173
971,2022-05-01,92.18,All Open Resolvers,921
972,2022-05-02,96.8,All Open Resolvers,905
973,2022-05-03,95.48,All Open Resolvers,1062
974,2022-05-04,96.85,All Open Resolvers,1367
975,2022-05-05,95.86,All Open Resolvers,1208
976,2022-05-06,91.92,All Open Resolvers,1262
977,2022-05-07,96.05,All Open Resolvers,1240
978,2022-05-08,93.43,All Open Resolvers,1218
979,2022-05-09,93.47,All Open Resolvers,996
980,2022-05-10,95.56,All Open Resolvers,1261
981,2022-05-12,95.43,All Open Resolvers,1138
982,2022-05-13,97.01,All Open Resolvers,803
983,2022-05-14,94.53,All Open Resolvers,768
984,2022-05-15,96.06,All Open Resolvers,938
985,2022-05-16,95.0,All Open Resolvers,1060
986,2022-05-17,94.9,All Open Resolvers,941
987,2022-05-18,96.31,All Open Resolvers,841
988,2022-05-19,96.89,All Open Resolvers,772
989,2022-05-20,96.08,All Open Resolvers,943
990,2022-05-21,95.38,All Open Resolvers,1146
991,2022-05-22,96.39,All Open Resolvers,1330
992,2022-05-23,94.65,All Open Resolvers,878
993,2022-05-24,96.28,All Open Resolvers,915
994,2022-05-25,95.7,All Open Resolvers,883
995,2022-05-26,95.12,All Open Resolvers,963
996,2022-05-27,95.83,All Open Resolvers,935
997,2022-05-28,96.0,All Open Resolvers,900
998,2022-05-29,95.79,All Open Resolvers,760
999,2022-05-30,95.96,All Open Resolvers,989
1000,2022-05-31,95.65,All Open Resolvers,1012
1001,2022-06-01,95.16,All Open Resolvers,910
1002,2022-06-02,95.21,All Open Resolvers,815
1003,2022-06-03,94.5,All Open Resolvers,745
1004,2022-06-04,98.48,All Open Resolvers,792
1005,2022-06-05,96.54,All Open Resolvers,809
1006,2022-06-06,95.41,All Open Resolvers,849
1007,2022-06-07,97.45,All Open Resolvers,863
1008,2022-06-08,95.39,All Open Resolvers,673
1009,2022-06-09,94.34,All Open Resolvers,689
1010,2022-06-10,94.8,All Open Resolvers,711
1011,2022-06-11,95.6,All Open Resolvers,863
1012,2022-06-12,95.44,All Open Resolvers,812
1013,2022-06-13,94.3,All Open Resolvers,790
1014,2022-06-14,96.82,All Open Resolvers,974
1015,2022-06-15,92.75,All Open Resolvers,910
1016,2022-06-16,92.5,All Open Resolvers,720
1017,2022-06-17,97.66,All Open Resolvers,768
1018,2022-06-18,93.31,All Open Resolvers,882
1019,2022-06-19,94.94,All Open Resolvers,850
1020,2022-06-20,95.29,All Open Resolvers,956
1021,2022-06-21,94.39,All Open Resolvers,731
1022,2022-06-22,96.14,All Open Resolvers,751
1023,2022-06-23,96.43,All Open Resolvers,868
1024,2022-06-24,94.99,All Open Resolvers,699
1025,2022-06-25,94.09,All Open Resolvers,913
1026,2022-06-26,93.23,All Open Resolvers,813
1027,2022-06-27,95.62,All Open Resolvers,731
1028,2022-06-28,94.09,All Open Resolvers,660
1029,2022-06-29,94.7,All Open Resolvers,773
1030,2022-06-30,92.95,All Open Resolvers,695
1031,2022-07-01,96.19,All Open Resolvers,578
1032,2022-07-02,93.17,All Open Resolvers,688
1033,2022-07-03,95.8,All Open Resolvers,714
1034,2022-07-04,93.6,All Open Resolvers,781
1035,2022-07-05,94.7,All Open Resolvers,679
1036,2022-07-06,87.35,All Open Resolvers,751
1037,2022-07-07,92.32,All Open Resolvers,716
1038,2022-07-08,93.8,All Open Resolvers,629
1039,2022-07-09,90.98,All Open Resolvers,687
1040,2022-07-10,90.22,All Open Resolvers,552
1041,2022-07-11,93.24,All Open Resolvers,651
1042,2022-07-12,88.51,All Open Resolvers,583
1043,2022-07-13,92.72,All Open Resolvers,536
1044,2022-07-14,93.76,All Open Resolvers,673
1045,2022-07-15,93.04,All Open Resolvers,546
1046,2022-07-16,94.66,All Open Resolvers,655
1047,2022-07-17,97.05,All Open Resolvers,643
1048,2022-07-18,97.92,All Open Resolvers,865
1049,2022-07-19,96.81,All Open Resolvers,846
1050,2022-07-20,95.37,All Open Resolvers,735
1051,2022-07-21,96.29,All Open Resolvers,862
1052,2022-07-22,98.23,All Open Resolvers,736
1053,2022-07-23,96.64,All Open Resolvers,833
1054,2022-07-24,96.04,All Open Resolvers,884
1055,2022-07-25,97.84,All Open Resolvers,1020
1056,2022-07-26,97.35,All Open Resolvers,1095
1057,2022-07-27,95.63,All Open Resolvers,1189
1058,2022-07-28,97.62,All Open Resolvers,1134
1059,2022-07-29,95.62,All Open Resolvers,1118
1060,2022-07-30,96.49,All Open Resolvers,998
1061,2022-07-31,96.31,All Open Resolvers,1029
1062,2022-08-01,97.34,All Open Resolvers,1164
1063,2022-08-02,96.29,All Open Resolvers,1158
1064,2022-08-03,98.04,All Open Resolvers,1273
1065,2022-08-04,97.07,All Open Resolvers,1263
1066,2022-08-05,98.09,All Open Resolvers,1468
1067,2022-08-06,97.89,All Open Resolvers,1422
1068,2022-08-07,97.78,All Open Resolvers,1534
1069,2022-08-08,97.47,All Open Resolvers,1303
1070,2022-08-09,97.54,All Open Resolvers,1341
1071,2022-08-10,95.92,All Open Resolvers,1202
1072,2022-08-11,98.56,All Open Resolvers,1661
1073,2022-08-12,97.91,All Open Resolvers,1432
1074,2022-08-13,98.57,All Open Resolvers,1612
1075,2022-08-14,98.3,All Open Resolvers,1118
1076,2022-08-15,98.28,All Open Resolvers,1164
1077,2022-08-16,96.98,All Open Resolvers,1126
1078,2022-08-17,97.93,All Open Resolvers,1159
1079,2022-08-18,98.42,All Open Resolvers,1206
1080,2022-08-19,98.19,All Open Resolvers,1105
1081,2022-08-20,98.3,All Open Resolvers,1353
1082,2022-08-21,96.98,All Open Resolvers,1192
1083,2022-08-22,96.45,All Open Resolvers,1408
1084,2022-08-23,96.52,All Open Resolvers,1236
1085,2022-08-24,98.22,All Open Resolvers,1573
1086,2022-08-25,97.43,All Open Resolvers,1283
1087,2022-08-26,98.3,All Open Resolvers,1234
1088,2022-08-27,98.99,All Open Resolvers,1393
1089,2022-08-28,96.28,All Open Resolvers,1236
1090,2022-08-29,88.7,All Open Resolvers,1106
1091,2022-08-30,79.6,All Open Resolvers,1211
1092,2022-08-31,71.93,All Open Resolvers,741
1093,2022-09-01,82.62,All Open Resolvers,1283
1094,2022-09-02,72.03,All Open Resolvers,1298
1095,2022-09-04,88.94,All Open Resolvers,1501
1096,2022-09-05,97.75,All Open Resolvers,1556
1097,2022-09-06,96.52,All Open Resolvers,1837
1098,2022-09-08,89.27,All Open Resolvers,1771
1099,2022-09-09,91.4,All Open Resolvers,1488
1100,2022-09-10,95.42,All Open Resolvers,1857
1101,2022-09-11,99.12,All Open Resolvers,1475
1102,2022-09-12,98.58,All Open Resolvers,1622
1103,2022-09-14,98.26,All Open Resolvers,1894
1104,2022-09-15,97.37,All Open Resolvers,1749
1105,2022-09-16,98.62,All Open Resolvers,1591
1106,2022-09-17,98.42,All Open Resolvers,1452
1107,2022-09-18,96.79,All Open Resolvers,1712
1108,2022-09-19,97.03,All Open Resolvers,1481
1109,2022-09-20,92.01,All Open Resolvers,1302
1110,2022-09-21,95.11,All Open Resolvers,1044
1111,2022-09-22,97.4,All Open Resolvers,1231
1112,2022-09-23,96.55,All Open Resolvers,1132
1113,2022-09-24,96.81,All Open Resolvers,1097
1114,2022-09-25,96.55,All Open Resolvers,1071
1115,2022-09-26,96.58,All Open Resolvers,877
1116,2022-09-27,95.45,All Open Resolvers,989
1117,2022-09-28,97.45,All Open Resolvers,901
1118,2022-09-29,95.18,All Open Resolvers,893
1119,2022-09-30,95.47,All Open Resolvers,817
1120,2022-10-01,98.57,All Open Resolvers,629
1121,2022-10-02,97.44,All Open Resolvers,664
1122,2022-10-03,96.11,All Open Resolvers,617
1123,2022-10-04,96.1,All Open Resolvers,821
1124,2022-10-05,95.74,All Open Resolvers,938
1125,2022-10-06,96.35,All Open Resolvers,877
1126,2022-10-07,94.54,All Open Resolvers,604
1127,2022-10-08,94.8,All Open Resolvers,788
1128,2022-10-09,97.5,All Open Resolvers,879
1129,2022-10-10,96.85,All Open Resolvers,921
1130,2022-10-11,99.1,All Open Resolvers,998
1131,2022-10-12,96.77,All Open Resolvers,1023
1132,2022-10-13,97.19,All Open Resolvers,926
1133,2022-10-14,97.1,All Open Resolvers,792
1134,2022-10-15,95.34,All Open Resolvers,751
1135,2022-10-16,96.39,All Open Resolvers,721
1136,2022-10-17,89.09,All Open Resolvers,660
1137,2022-10-18,93.0,All Open Resolvers,586
1138,2022-10-19,98.33,All Open Resolvers,539
1139,2022-10-20,99.0,All Open Resolvers,701
1140,2022-10-21,100.0,All Open Resolvers,685
1141,2022-10-22,99.2,All Open Resolvers,622
1142,2022-10-23,99.04,All Open Resolvers,521
1143,2022-10-24,99.39,All Open Resolvers,493
1144,2022-10-25,99.82,All Open Resolvers,569
1145,2022-10-26,100.0,All Open Resolvers,682
1146,2022-10-27,99.25,All Open Resolvers,530
1147,2022-10-28,99.01,All Open Resolvers,704
1148,2022-10-29,99.35,All Open Resolvers,620
1149,2022-10-30,99.44,All Open Resolvers,539
1150,2022-10-31,99.28,All Open Resolvers,557
1151,2022-11-01,99.69,All Open Resolvers,639
1152,2022-11-02,98.89,All Open Resolvers,718
1153,2022-11-03,95.92,All Open Resolvers,686
1154,2022-11-04,96.82,All Open Resolvers,629
1155,2022-11-05,96.83,All Open Resolvers,756
1156,2022-11-06,93.33,All Open Resolvers,675
1157,2022-11-07,96.91,All Open Resolvers,711
1158,2022-11-08,93.3,All Open Resolvers,761
1159,2022-11-09,97.05,All Open Resolvers,644
1160,2022-11-10,94.74,All Open Resolvers,893
1161,2022-11-11,97.61,All Open Resolvers,587
1162,2022-11-12,97.29,All Open Resolvers,517
1163,2022-11-13,97.32,All Open Resolvers,597
1164,2022-11-14,96.88,All Open Resolvers,640
1165,2022-11-15,97.21,All Open Resolvers,646
1166,2022-11-16,97.07,All Open Resolvers,615
1167,2022-11-17,97.23,All Open Resolvers,542
1168,2022-11-18,95.87,All Open Resolvers,653
1169,2022-11-19,94.94,All Open Resolvers,711
1170,2022-11-20,94.81,All Open Resolvers,810
1171,2022-11-21,95.57,All Open Resolvers,745
1172,2022-11-22,97.05,All Open Resolvers,677
1173,2022-11-23,95.66,All Open Resolvers,738
1174,2022-11-24,93.53,All Open Resolvers,835
1175,2022-11-25,96.48,All Open Resolvers,823
1176,2022-11-26,94.18,All Open Resolvers,808
1177,2022-11-27,94.99,All Open Resolvers,678
1178,2022-11-28,96.71,All Open Resolvers,759
1179,2022-11-29,98.63,All Open Resolvers,876
1180,2022-11-30,97.57,All Open Resolvers,824
1181,2022-12-01,72.01,All Open Resolvers,886
1182,2022-12-02,7.38,All Open Resolvers,1043
1183,2022-12-03,5.91,All Open Resolvers,964
1184,2022-12-04,8.09,All Open Resolvers,878
1185,2022-12-05,6.95,All Open Resolvers,1022
1186,2022-12-06,11.57,All Open Resolvers,821
1187,2022-12-07,6.28,All Open Resolvers,892
1188,2022-12-08,10.86,All Open Resolvers,1096
1189,2022-12-09,5.83,All Open Resolvers,1097
1190,2022-12-10,6.97,All Open Resolvers,975
1191,2022-12-11,8.89,All Open Resolvers,1012
1192,2022-12-12,16.47,All Open Resolvers,996
1193,2022-12-13,15.27,All Open Resolvers,812
1194,2022-12-14,24.42,All Open Resolvers,819
1195,2022-12-15,15.37,All Open Resolvers,872
1196,2022-12-16,12.72,All Open Resolvers,896
1197,2022-12-17,15.51,All Open Resolvers,806
1198,2022-12-18,13.08,All Open Resolvers,841
1199,2022-12-19,12.67,All Open Resolvers,813
1200,2022-12-20,11.18,All Open Resolvers,912
1201,2022-12-21,14.67,All Open Resolvers,852
1202,2022-12-22,12.88,All Open Resolvers,877
1203,2022-12-23,14.11,All Open Resolvers,879
1204,2022-12-24,15.95,All Open Resolvers,865
1205,2022-12-25,12.68,All Open Resolvers,899
1206,2022-12-26,12.25,All Open Resolvers,808
1207,2022-12-27,13.15,All Open Resolvers,745
1208,2022-12-28,12.51,All Open Resolvers,871
1209,2022-12-29,11.69,All Open Resolvers,804
1210,2022-12-30,11.72,All Open Resolvers,674
1211,2022-12-31,13.15,All Open Resolvers,783
1212,2023-01-01,95.79,All Open Resolvers,594
1213,2023-01-02,95.55,All Open Resolvers,719
1214,2023-01-03,13.82,All Open Resolvers,702
1215,2023-01-04,17.04,All Open Resolvers,757
1216,2023-01-05,12.23,All Open Resolvers,801
1217,2023-01-06,11.23,All Open Resolvers,721
1218,2023-01-07,10.64,All Open Resolvers,733
1219,2023-01-08,10.66,All Open Resolvers,666
1220,2023-01-09,13.64,All Open Resolvers,814
1221,2023-01-10,98.89,All Open Resolvers,723
1222,2023-01-11,12.43,All Open Resolvers,724
1223,2023-01-12,16.19,All Open Resolvers,704
1224,2023-01-13,13.4,All Open Resolvers,582
1225,2023-01-14,13.26,All Open Resolvers,513
1226,2023-01-15,15.28,All Open Resolvers,615
1227,2023-01-16,16.57,All Open Resolvers,525
1228,2023-01-17,18.22,All Open Resolvers,472
1229,2023-01-18,13.41,All Open Resolvers,552
1230,2023-01-19,16.29,All Open Resolvers,571
1231,2023-01-20,11.49,All Open Resolvers,583
1232,2023-01-21,16.51,All Open Resolvers,533
1233,2023-01-22,14.17,All Open Resolvers,515
1234,2023-01-23,14.72,All Open Resolvers,530
1235,2023-01-24,14.19,All Open Resolvers,465
1236,2023-01-31,22.88,All Open Resolvers,944
1237,2023-02-01,19.26,All Open Resolvers,1106
1238,2023-02-02,14.2,All Open Resolvers,1275
1239,2023-02-03,16.88,All Open Resolvers,1511
1240,2023-02-04,14.27,All Open Resolvers,1254
1241,2023-02-05,17.02,All Open Resolvers,1398
1242,2023-02-06,14.01,All Open Resolvers,1527
1243,2023-02-07,14.61,All Open Resolvers,1280
1244,2023-02-08,11.26,All Open Resolvers,977
1245,2023-02-09,11.48,All Open Resolvers,1176
1246,2023-02-10,15.07,All Open Resolvers,1035
1247,2023-02-11,10.55,All Open Resolvers,1081
1248,2023-02-12,13.86,All Open Resolvers,938
1249,2023-02-13,13.11,All Open Resolvers,1144
1250,2023-02-14,13.5,All Open Resolvers,1274
1251,2023-02-15,30.14,All Open Resolvers,1148
1252,2023-02-16,14.61,All Open Resolvers,1109
1253,2023-02-17,16.08,All Open Resolvers,1051
1254,2023-02-18,13.72,All Open Resolvers,991
1255,2023-02-19,16.7,All Open Resolvers,982
1256,2023-02-20,16.72,All Open Resolvers,939
1257,2023-02-21,12.92,All Open Resolvers,813
1258,2023-02-22,7.84,All Open Resolvers,855
1259,2023-02-23,7.9,All Open Resolvers,911
1260,2023-02-24,6.04,All Open Resolvers,1077
1261,2023-02-25,12.79,All Open Resolvers,1063
1262,2023-02-26,11.16,All Open Resolvers,1039
1263,2023-02-27,7.74,All Open Resolvers,1034
1264,2023-02-28,12.88,All Open Resolvers,1025
1265,2023-03-01,12.89,All Open Resolvers,908
1266,2023-03-02,7.66,All Open Resolvers,1057
1267,2023-03-03,6.02,All Open Resolvers,1230
1268,2023-03-04,8.36,All Open Resolvers,1184
1269,2023-03-05,8.79,All Open Resolvers,1195
1270,2023-03-06,8.84,All Open Resolvers,1177
1271,2023-03-07,7.5,All Open Resolvers,1174
1272,2023-03-08,10.59,All Open Resolvers,1039
1273,2023-03-09,7.18,All Open Resolvers,1044
1274,2023-03-10,29.07,All Open Resolvers,922
1275,2023-03-11,7.74,All Open Resolvers,943
1276,2023-03-12,6.17,All Open Resolvers,908
1277,2023-03-13,9.87,All Open Resolvers,1044
1278,2023-03-14,7.37,All Open Resolvers,841
1279,2023-03-15,9.29,All Open Resolvers,1077
1280,2023-03-16,8.34,All Open Resolvers,1043
1281,2023-03-17,4.67,All Open Resolvers,1091
1282,2023-03-18,7.26,All Open Resolvers,881
1283,2023-03-19,6.24,All Open Resolvers,882
1284,2023-03-20,8.55,All Open Resolvers,1017
1285,2023-03-21,21.89,All Open Resolvers,877
1286,2023-03-22,96.62,All Open Resolvers,829
1287,2023-03-23,88.58,All Open Resolvers,1016
1288,2023-03-24,99.66,All Open Resolvers,1165
1289,2023-03-25,98.0,All Open Resolvers,1001
1290,2023-03-26,97.97,All Open Resolvers,1082
1291,2023-03-27,97.63,All Open Resolvers,1011
1292,2023-03-28,88.48,All Open Resolvers,1137
1293,2023-03-29,98.5,All Open Resolvers,998
1294,2023-03-30,88.63,All Open Resolvers,1082
1295,2023-03-31,99.58,All Open Resolvers,959
1296,2023-04-01,94.24,All Open Resolvers,1093
1297,2023-04-02,89.05,All Open Resolvers,1132
1298,2023-04-03,97.73,All Open Resolvers,1233
1299,2023-04-04,88.99,All Open Resolvers,1117
1300,2023-04-05,92.68,All Open Resolvers,1243
1301,2023-04-06,90.86,All Open Resolvers,1269
1302,2023-04-07,98.12,All Open Resolvers,1279
1303,2023-04-08,86.55,All Open Resolvers,1331
1304,2023-04-09,97.77,All Open Resolvers,1483
1305,2023-04-10,87.99,All Open Resolvers,1466
1306,2023-04-11,99.03,All Open Resolvers,1440
1307,2023-04-12,98.41,All Open Resolvers,1261
1308,2023-04-13,98.34,All Open Resolvers,1142
1309,2023-04-14,92.78,All Open Resolvers,1537
1310,2023-04-15,97.42,All Open Resolvers,1395
1311,2023-04-16,88.75,All Open Resolvers,1298
1312,2023-04-18,91.46,All Open Resolvers,1381
1313,2023-04-19,98.24,All Open Resolvers,1480
1314,2023-04-20,98.56,All Open Resolvers,1254
1315,2023-04-21,98.41,All Open Resolvers,1511
1316,2023-04-22,99.27,All Open Resolvers,1379
1317,2023-04-23,98.83,All Open Resolvers,1111
1318,2023-04-24,96.95,All Open Resolvers,1081
1319,2023-04-25,95.88,All Open Resolvers,1166
1320,2023-04-26,97.48,All Open Resolvers,1109
1321,2023-04-27,98.08,All Open Resolvers,1044
1322,2023-04-28,96.78,All Open Resolvers,1087
1323,2023-04-29,98.98,All Open Resolvers,1177
1324,2023-04-30,98.57,All Open Resolvers,1046
1325,2023-05-01,94.35,All Open Resolvers,1079
1326,2023-05-02,7.33,All Open Resolvers,1310
1327,2023-05-03,6.7,All Open Resolvers,1522
1328,2023-05-04,6.38,All Open Resolvers,1411
1329,2023-05-05,4.72,All Open Resolvers,1545
1330,2023-05-06,6.92,All Open Resolvers,1416
1331,2023-05-07,7.5,All Open Resolvers,1280
1332,2023-05-08,6.69,All Open Resolvers,1376
1333,2023-05-09,9.62,All Open Resolvers,1393
1334,2023-05-10,8.06,All Open Resolvers,1538
1335,2023-05-11,5.36,All Open Resolvers,1493
1336,2023-05-12,5.64,All Open Resolvers,1559
1337,2023-05-13,4.4,All Open Resolvers,1386
1338,2023-05-14,7.54,All Open Resolvers,1379
1339,2023-05-15,9.67,All Open Resolvers,1427
1340,2023-05-16,7.32,All Open Resolvers,1339
1341,2023-05-17,10.19,All Open Resolvers,1188
1342,2023-05-18,7.74,All Open Resolvers,1305
1343,2023-05-19,6.71,All Open Resolvers,1178
1344,2023-05-20,5.97,All Open Resolvers,1222
1345,2023-05-21,5.54,All Open Resolvers,1191
1346,2023-05-22,7.38,All Open Resolvers,1097
1347,2023-05-23,6.45,All Open Resolvers,1023
1348,2023-05-24,12.03,All Open Resolvers,1089
1349,2023-05-25,9.22,All Open Resolvers,954
1350,2023-05-26,4.87,All Open Resolvers,863
1351,2023-05-27,5.71,All Open Resolvers,963
1352,2023-05-28,6.1,All Open Resolvers,983
1353,2023-05-29,7.19,All Open Resolvers,1112
1354,2023-05-30,6.92,All Open Resolvers,910
1355,2023-05-31,17.03,All Open Resolvers,1051
1356,2023-06-01,5.92,All Open Resolvers,1182
1357,2023-06-02,4.6,All Open Resolvers,1522
1358,2023-06-03,5.21,All Open Resolvers,1421
1359,2023-06-04,5.95,All Open Resolvers,1193
1360,2023-06-05,5.93,All Open Resolvers,1333
1361,2023-06-06,5.78,All Open Resolvers,1316
1362,2023-06-07,77.23,All Open Resolvers,1234
1363,2023-06-09,59.0,All Open Resolvers,1417
1364,2023-06-10,11.14,All Open Resolvers,1400
1365,2023-06-11,8.98,All Open Resolvers,1225
1366,2023-06-12,17.61,All Open Resolvers,994
1367,2023-06-13,11.88,All Open Resolvers,825
1368,2023-06-14,16.6,All Open Resolvers,1169
1369,2023-06-15,8.19,All Open Resolvers,1172
1370,2023-06-16,6.61,All Open Resolvers,1044
1371,2023-06-17,5.41,All Open Resolvers,869
1372,2023-06-18,8.47,All Open Resolvers,1027
1373,2023-06-19,5.71,All Open Resolvers,1068
1374,2023-06-20,5.73,All Open Resolvers,942
1375,2023-06-21,12.98,All Open Resolvers,863
1376,2023-06-22,2.91,All Open Resolvers,963
1377,2023-06-23,3.14,All Open Resolvers,861
1378,2023-06-24,4.52,All Open Resolvers,796
1379,2023-06-25,6.54,All Open Resolvers,703
1380,2023-06-26,3.91,All Open Resolvers,818
1381,2023-06-27,2.97,All Open Resolvers,572
1382,2023-06-28,8.03,All Open Resolvers,685
1383,2023-06-29,5.87,All Open Resolvers,784
1384,2023-06-30,2.74,All Open Resolvers,731
1385,2023-07-01,3.19,All Open Resolvers,721
1386,2023-07-02,1.94,All Open Resolvers,620
1387,2023-07-03,2.14,All Open Resolvers,608
1388,2023-07-04,2.42,All Open Resolvers,826
1389,2023-07-05,3.8,All Open Resolvers,737
1390,2023-07-06,3.42,All Open Resolvers,761
1391,2023-07-07,4.22,All Open Resolvers,759
1392,2023-07-08,2.68,All Open Resolvers,783
1393,2023-07-09,3.17,All Open Resolvers,631
1394,2023-07-10,2.02,All Open Resolvers,793
1395,2023-07-11,4.35,All Open Resolvers,483
1396,2023-07-13,2.54,All Open Resolvers,591
1397,2023-07-14,2.01,All Open Resolvers,596
1398,2023-07-15,2.4,All Open Resolvers,707
1399,2023-07-16,4.81,All Open Resolvers,645
1400,2023-07-17,2.8,All Open Resolvers,749
1401,2023-07-18,2.67,All Open Resolvers,750
1402,2023-07-19,2.7,All Open Resolvers,740
1403,2023-07-20,2.9,All Open Resolvers,656
1404,2023-07-21,3.76,All Open Resolvers,719
1405,2023-07-22,1.88,All Open Resolvers,532
1406,2023-07-23,6.54,All Open Resolvers,596
1407,2023-07-24,5.41,All Open Resolvers,684
1408,2023-07-25,12.44,All Open Resolvers,635
1409,2023-07-26,2.3,All Open Resolvers,608
1410,2023-07-27,18.83,All Open Resolvers,669
1411,2023-07-28,20.2,All Open Resolvers,604
1412,2023-07-29,20.63,All Open Resolvers,732
1413,2023-07-30,18.25,All Open Resolvers,707
1414,2023-07-31,17.11,All Open Resolvers,567
1415,2023-08-01,17.29,All Open Resolvers,694
1416,2023-08-02,20.41,All Open Resolvers,691
1417,2023-08-03,19.47,All Open Resolvers,719
1418,2023-08-04,15.74,All Open Resolvers,667
1419,2023-08-05,3.39,All Open Resolvers,678
1420,2023-08-06,2.69,All Open Resolvers,595
1421,2023-08-07,8.31,All Open Resolvers,626
1422,2023-08-08,10.18,All Open Resolvers,619
1423,2023-08-09,10.69,All Open Resolvers,655
1424,2023-08-10,3.01,All Open Resolvers,532
1425,2023-08-11,2.99,All Open Resolvers,938
1426,2023-08-12,8.5,All Open Resolvers,1059
1427,2023-08-13,3.92,All Open Resolvers,943
1428,2023-08-14,1.92,All Open Resolvers,833
1429,2023-08-15,2.63,All Open Resolvers,949
1430,2023-08-16,17.54,All Open Resolvers,821
1431,2023-08-17,25.88,All Open Resolvers,626
1432,2023-08-18,17.43,All Open Resolvers,935
1433,2023-08-19,30.49,All Open Resolvers,1092
1434,2023-08-20,30.17,All Open Resolvers,812
1435,2023-08-21,34.26,All Open Resolvers,645
1436,2023-08-22,31.5,All Open Resolvers,892
1437,2023-08-23,34.56,All Open Resolvers,709
1438,2023-08-24,37.75,All Open Resolvers,861
1439,2023-08-25,42.49,All Open Resolvers,826
1440,2023-08-26,52.86,All Open Resolvers,823
1441,2023-08-27,43.02,All Open Resolvers,802
1442,2023-08-28,45.96,All Open Resolvers,768
1443,2023-08-29,64.33,All Open Resolvers,712
1444,2023-08-30,70.38,All Open Resolvers,736
1445,2023-08-31,68.13,All Open Resolvers,524
1446,2023-09-02,51.18,All Open Resolvers,1700
1447,2023-09-03,46.38,All Open Resolvers,953
1448,2023-09-04,47.44,All Open Resolvers,858
1449,2023-09-05,45.82,All Open Resolvers,945
1450,2023-09-06,48.36,All Open Resolvers,761
1451,2023-09-07,49.17,All Open Resolvers,1139
1452,2023-09-08,45.29,All Open Resolvers,1020
1453,2023-09-09,51.59,All Open Resolvers,1068
1454,2023-09-10,46.89,All Open Resolvers,819
1455,2023-09-11,51.85,All Open Resolvers,920
1456,2023-09-12,30.32,All Open Resolvers,1108
1457,2023-09-13,33.51,All Open Resolvers,746
1458,2023-09-14,33.22,All Open Resolvers,1219
1459,2023-09-27,47.19,All Open Resolvers,1475
1460,2023-09-28,55.04,All Open Resolvers,714
1461,2023-09-29,58.97,All Open Resolvers,819
1462,2023-09-30,52.16,All Open Resolvers,671
1463,2023-10-01,47.47,All Open Resolvers,573
1464,2023-10-02,51.47,All Open Resolvers,678
1465,2023-10-03,61.12,All Open Resolvers,769
1466,2023-10-04,57.3,All Open Resolvers,801
1467,2023-10-05,60.57,All Open Resolvers,946
1468,2023-10-06,53.56,All Open Resolvers,745
1469,2023-10-07,35.9,All Open Resolvers,663
1470,2023-10-08,27.0,All Open Resolvers,826
1471,2023-10-09,28.41,All Open Resolvers,690
1472,2023-10-10,47.3,All Open Resolvers,685
1473,2023-10-11,58.56,All Open Resolvers,724
1474,2023-10-12,40.45,All Open Resolvers,895
1475,2023-10-13,39.2,All Open Resolvers,778
1476,2023-10-14,51.59,All Open Resolvers,661
1477,2023-10-15,50.2,All Open Resolvers,769
1478,2023-10-16,52.41,All Open Resolvers,788
1479,2023-10-17,52.22,All Open Resolvers,810
1480,2023-10-18,46.9,All Open Resolvers,597
1481,2023-10-19,48.81,All Open Resolvers,631
1482,2023-10-21,49.66,All Open Resolvers,737
1483,2023-10-22,47.39,All Open Resolvers,555
1484,2023-10-23,48.42,All Open Resolvers,506
1485,2023-10-24,43.04,All Open Resolvers,941
1486,2023-10-25,46.2,All Open Resolvers,933
1487,2023-10-26,49.31,All Open Resolvers,864
1488,2023-10-27,47.21,All Open Resolvers,1093
1489,2023-10-28,49.7,All Open Resolvers,998
1490,2023-10-29,40.95,All Open Resolvers,696
1491,2023-10-30,44.42,All Open Resolvers,941
1492,2023-10-31,45.0,All Open Resolvers,1151
1493,2023-11-01,37.61,All Open Resolvers,1037
1494,2023-11-02,36.58,All Open Resolvers,790
1495,2023-11-03,46.97,All Open Resolvers,1090
1496,2023-11-04,41.04,All Open Resolvers,1613
1497,2023-11-05,40.93,All Open Resolvers,1351
1498,2023-11-06,43.63,All Open Resolvers,722
1499,2023-11-07,50.12,All Open Resolvers,838
1500,2023-11-08,46.81,All Open Resolvers,957
1501,2023-11-09,49.7,All Open Resolvers,666
1502,2023-11-10,55.51,All Open Resolvers,490
1503,2023-11-11,50.86,All Open Resolvers,1860
1504,2023-11-12,41.47,All Open Resolvers,885
1505,2023-11-13,37.68,All Open Resolvers,767
1506,2023-11-14,42.4,All Open Resolvers,592
1507,2023-11-15,36.08,All Open Resolvers,582
1508,2023-11-16,43.93,All Open Resolvers,931
1509,2023-11-17,44.29,All Open Resolvers,587
1510,2023-11-18,44.78,All Open Resolvers,632
1511,2023-11-20,49.27,All Open Resolvers,479
1512,2023-11-21,46.9,All Open Resolvers,403
1513,2023-11-22,48.15,All Open Resolvers,378
1514,2023-11-23,49.06,All Open Resolvers,373
1515,2023-11-24,49.11,All Open Resolvers,450
1516,2023-11-25,46.64,All Open Resolvers,639
1517,2023-11-26,41.57,All Open Resolvers,664
1518,2023-11-28,42.75,All Open Resolvers,407
1519,2023-11-29,51.48,All Open Resolvers,676
1520,2023-11-30,44.86,All Open Resolvers,555
1521,2023-12-01,47.34,All Open Resolvers,826
1522,2023-12-02,40.11,All Open Resolvers,556
1523,2023-12-03,41.83,All Open Resolvers,698
1524,2023-12-04,49.82,All Open Resolvers,552
1525,2023-12-05,49.38,All Open Resolvers,644
1526,2023-12-06,44.03,All Open Resolvers,611
1527,2023-12-07,71.12,All Open Resolvers,786
1528,2023-12-08,88.83,All Open Resolvers,537
1529,2023-12-09,59.62,All Open Resolvers,572
1530,2023-12-10,48.3,All Open Resolvers,706
1531,2023-12-11,49.05,All Open Resolvers,524
1532,2023-12-12,43.06,All Open Resolvers,634
1533,2023-12-13,50.52,All Open Resolvers,776
1534,2023-12-14,51.84,All Open Resolvers,544
1535,2023-12-15,45.77,All Open Resolvers,461
1536,2023-12-16,50.88,All Open Resolvers,509
1537,2023-12-17,52.89,All Open Resolvers,433
1538,2023-12-18,49.84,All Open Resolvers,634
1539,2023-12-19,52.87,All Open Resolvers,628
1540,2023-12-20,53.91,All Open Resolvers,460
1541,2023-12-21,53.02,All Open Resolvers,579
1542,2023-12-22,54.74,All Open Resolvers,475
1543,2023-12-23,53.65,All Open Resolvers,384
1544,2023-12-24,53.5,All Open Resolvers,357
1545,2023-12-25,53.37,All Open Resolvers,371
1546,2023-12-26,51.87,All Open Resolvers,428
1547,2023-12-27,54.19,All Open Resolvers,430
1548,2023-12-28,52.5,All Open Resolvers,360
1549,2023-12-29,53.39,All Open Resolvers,384
1550,2023-12-30,54.74,All Open Resolvers,380
1551,2024-01-01,57.08,All Open Resolvers,424
1552,2024-01-02,50.56,All Open Resolvers,358
1553,2024-01-03,51.12,All Open Resolvers,538
1554,2024-01-04,56.13,All Open Resolvers,506
1555,2024-01-05,49.41,All Open Resolvers,510
1556,2024-01-06,56.39,All Open Resolvers,454
1557,2024-01-07,55.35,All Open Resolvers,533
1558,2024-01-08,46.25,All Open Resolvers,400
1559,2024-01-09,58.56,All Open Resolvers,362
1560,2024-01-10,50.25,All Open Resolvers,601
1561,2024-01-11,52.97,All Open Resolvers,370
1562,2024-01-12,44.85,All Open Resolvers,515
1563,2024-01-13,54.53,All Open Resolvers,805
1564,2024-01-14,45.8,All Open Resolvers,965
1565,2024-01-15,48.63,All Open Resolvers,619
1566,2024-01-16,50.51,All Open Resolvers,687
1567,2024-01-17,55.47,All Open Resolvers,631
1568,2024-01-18,55.38,All Open Resolvers,641
1569,2024-01-19,42.74,All Open Resolvers,482
1570,2024-01-20,55.35,All Open Resolvers,692
1571,2024-01-21,45.54,All Open Resolvers,863
1572,2024-01-22,55.75,All Open Resolvers,1731
1573,2024-01-23,50.72,All Open Resolvers,1380
1574,2024-01-24,48.29,All Open Resolvers,1493
1575,2024-01-25,50.14,All Open Resolvers,724
1576,2024-01-26,45.66,All Open Resolvers,1128
1577,2024-01-27,54.33,All Open Resolvers,992
1578,2024-01-28,53.22,All Open Resolvers,964
1579,2024-01-29,51.79,All Open Resolvers,952
1580,2024-01-30,52.09,All Open Resolvers,1125
1581,2024-01-31,46.44,All Open Resolvers,730
1582,2024-02-01,47.19,All Open Resolvers,623
1583,2024-02-02,43.7,All Open Resolvers,1103
1584,2024-02-03,44.18,All Open Resolvers,756
1585,2024-02-04,56.32,All Open Resolvers,1108
1586,2024-02-05,44.04,All Open Resolvers,1065
1587,2024-02-06,51.89,All Open Resolvers,1056
1588,2024-02-07,44.71,All Open Resolvers,1333
1589,2024-02-08,44.29,All Open Resolvers,1059
1590,2024-02-09,44.52,All Open Resolvers,1013
1591,2024-02-10,46.41,All Open Resolvers,1573
1592,2024-02-11,43.43,All Open Resolvers,1386
1593,2024-02-12,47.17,All Open Resolvers,600
1594,2024-02-13,44.48,All Open Resolvers,1014
1595,2024-02-14,49.33,All Open Resolvers,971
1596,2024-02-15,43.44,All Open Resolvers,937
1597,2024-02-16,46.39,All Open Resolvers,416
1598,2024-02-17,43.85,All Open Resolvers,1040
1599,2024-02-18,46.15,All Open Resolvers,754
1600,2024-02-19,52.41,All Open Resolvers,975
1601,2024-02-20,47.92,All Open Resolvers,768
1602,2024-02-21,45.96,All Open Resolvers,1125
1603,2024-02-22,46.36,All Open Resolvers,837
1604,2024-02-23,43.16,All Open Resolvers,1557
1605,2024-02-24,40.43,All Open Resolvers,1521
1606,2024-02-25,52.08,All Open Resolvers,1058
1607,2024-02-26,44.58,All Open Resolvers,415
1608,2024-02-27,55.47,All Open Resolvers,640
1609,2024-02-28,64.58,All Open Resolvers,765
1610,2024-02-29,58.97,All Open Resolvers,563
1611,2024-03-01,63.77,All Open Resolvers,1681
1612,2024-03-02,65.85,All Open Resolvers,1186
1613,2024-03-03,70.13,All Open Resolvers,1453
1614,2024-03-04,64.06,All Open Resolvers,704
1615,2024-03-05,64.01,All Open Resolvers,589
1616,2024-03-06,69.22,All Open Resolvers,965
1617,2024-03-07,63.91,All Open Resolvers,773
1618,2024-03-08,61.78,All Open Resolvers,1065
1619,2024-03-09,58.58,All Open Resolvers,565
1620,2024-03-10,57.88,All Open Resolvers,876
1621,2024-03-11,68.2,All Open Resolvers,1110
1622,2024-03-12,71.62,All Open Resolvers,1427
1623,2024-03-13,67.59,All Open Resolvers,1222
1624,2024-03-14,72.05,All Open Resolvers,1320
1625,2024-03-15,71.97,All Open Resolvers,1552
1626,2024-03-16,63.02,All Open Resolvers,941
1627,2024-03-17,60.49,All Open Resolvers,820
1628,2024-03-18,57.74,All Open Resolvers,646
1629,2024-03-19,61.14,All Open Resolvers,880
1630,2024-03-20,55.57,All Open Resolvers,673
1631,2024-03-21,49.2,All Open Resolvers,1307
1632,2024-03-22,45.77,All Open Resolvers,1464
1633,2024-03-23,48.3,All Open Resolvers,1325
1634,2024-03-24,46.91,All Open Resolvers,1085
1635,2024-03-25,49.47,All Open Resolvers,1134
1636,2024-03-26,45.8,All Open Resolvers,1382
1637,2024-03-27,46.75,All Open Resolvers,986
1638,2024-03-28,39.71,All Open Resolvers,889
1639,2024-03-29,38.51,All Open Resolvers,979
1640,2024-03-31,50.39,All Open Resolvers,1395
1641,2024-04-01,52.25,All Open Resolvers,1803
1642,2024-04-02,56.29,All Open Resolvers,1487
1643,2024-04-03,49.11,All Open Resolvers,1468
1644,2024-04-05,53.41,All Open Resolvers,1670
1645,2024-04-07,57.2,All Open Resolvers,1645
1646,2024-04-08,64.24,All Open Resolvers,1678
1647,2024-04-09,71.86,All Open Resolvers,1848
1648,2024-04-10,65.03,All Open Resolvers,1367
1649,2024-04-11,67.33,All Open Resolvers,1298
1650,2024-04-12,72.52,All Open Resolvers,1616
1651,2024-04-13,71.25,All Open Resolvers,1701
1652,2024-04-14,65.64,All Open Resolvers,815
1653,2024-04-15,67.11,All Open Resolvers,1271
1654,2024-04-16,63.88,All Open Resolvers,1639
1655,2024-04-18,68.13,All Open Resolvers,1390
1656,2024-04-19,64.9,All Open Resolvers,906
1657,2024-04-20,63.96,All Open Resolvers,1196
1658,2024-04-21,66.95,All Open Resolvers,1389
1659,2024-04-22,65.12,All Open Resolvers,1270
1660,2024-04-23,65.78,All Open Resolvers,1020
1661,2024-04-24,68.56,All Open Resolvers,1212
1662,2024-04-25,66.67,All Open Resolvers,894
1663,2024-04-26,72.65,All Open Resolvers,914
1664,2024-04-27,67.56,All Open Resolvers,897
1665,2024-04-28,66.25,All Open Resolvers,871
1666,2024-04-29,62.43,All Open Resolvers,889
1667,2024-04-30,64.18,All Open Resolvers,857
1668,2024-05-01,66.48,All Open Resolvers,1086
1669,2024-05-02,58.38,All Open Resolvers,949
1670,2024-05-03,64.98,All Open Resolvers,811
1671,2024-05-04,63.67,All Open Resolvers,1112
1672,2024-05-05,55.62,All Open Resolvers,1156
1673,2024-05-06,64.5,All Open Resolvers,1276
1674,2024-05-07,61.88,All Open Resolvers,1204
1675,2024-05-08,57.77,All Open Resolvers,1113
1676,2024-05-09,65.53,All Open Resolvers,998
1677,2024-05-10,59.98,All Open Resolvers,1047
1678,2024-05-11,64.65,All Open Resolvers,1123
1679,2024-05-12,65.88,All Open Resolvers,1187
1680,2024-05-13,47.6,All Open Resolvers,1479
1681,2024-05-14,51.4,All Open Resolvers,1177
1682,2024-05-15,59.45,All Open Resolvers,974
1683,2024-05-16,54.97,All Open Resolvers,1277
1684,2024-05-17,67.9,All Open Resolvers,1327
1685,2024-05-18,65.05,All Open Resolvers,1665
1686,2024-05-19,63.96,All Open Resolvers,1590
1687,2024-05-20,67.65,All Open Resolvers,1564
1688,2024-05-21,64.93,All Open Resolvers,1115
1689,2024-05-22,70.68,All Open Resolvers,1429
1690,2024-05-23,55.3,All Open Resolvers,774
1691,2024-05-24,73.99,All Open Resolvers,1830
1692,2024-05-25,72.69,All Open Resolvers,908
1693,2024-05-26,80.23,All Open Resolvers,1381
1694,2024-05-27,70.99,All Open Resolvers,755
1695,2024-05-28,65.8,All Open Resolvers,652
1696,2024-05-29,66.26,All Open Resolvers,972
1697,2024-05-30,66.17,All Open Resolvers,745
1698,2024-05-31,64.9,All Open Resolvers,681
1699,2024-06-01,60.74,All Open Resolvers,866
1700,2024-06-02,69.71,All Open Resolvers,723
1701,2024-06-03,62.25,All Open Resolvers,1563
