,rv_dt,ratio,value,category
0,2022-01-01,in_cc_ratio,85.84,Same Country
1,2022-01-02,in_cc_ratio,87.8,Same Country
2,2022-01-03,in_cc_ratio,86.3,Same Country
3,2022-01-04,in_cc_ratio,83.54,Same Country
4,2022-01-05,in_cc_ratio,82.54,Same Country
5,2022-01-06,in_cc_ratio,81.9,Same Country
6,2022-01-07,in_cc_ratio,82.42,Same Country
7,2022-01-08,in_cc_ratio,84.54,Same Country
8,2022-01-09,in_cc_ratio,86.12,Same Country
9,2022-01-10,in_cc_ratio,83.55,Same Country
10,2022-01-11,in_cc_ratio,81.55,Same Country
11,2022-01-12,in_cc_ratio,79.87,Same Country
12,2022-01-13,in_cc_ratio,77.28,Same Country
13,2022-01-14,in_cc_ratio,76.93,Same Country
14,2022-01-15,in_cc_ratio,79.33,Same Country
15,2022-01-16,in_cc_ratio,81.5,Same Country
16,2022-01-17,in_cc_ratio,79.75,Same Country
17,2022-01-18,in_cc_ratio,79.03,Same Country
18,2022-01-19,in_cc_ratio,78.44,Same Country
19,2022-01-20,in_cc_ratio,77.94,Same Country
20,2022-01-21,in_cc_ratio,78.86,Same Country
21,2022-01-22,in_cc_ratio,80.24,Same Country
22,2022-01-23,in_cc_ratio,81.48,Same Country
23,2022-01-24,in_cc_ratio,79.85,Same Country
24,2022-01-25,in_cc_ratio,78.65,Same Country
25,2022-01-26,in_cc_ratio,78.35,Same Country
26,2022-01-27,in_cc_ratio,75.88,Same Country
27,2022-01-28,in_cc_ratio,78.3,Same Country
28,2022-01-29,in_cc_ratio,79.31,Same Country
29,2022-01-30,in_cc_ratio,81.03,Same Country
30,2022-01-31,in_cc_ratio,78.91,Same Country
31,2022-02-01,in_cc_ratio,79.11,Same Country
32,2022-02-02,in_cc_ratio,79.43,Same Country
33,2022-02-03,in_cc_ratio,77.67,Same Country
34,2022-02-04,in_cc_ratio,75.16,Same Country
35,2022-02-05,in_cc_ratio,78.91,Same Country
36,2022-02-06,in_cc_ratio,80.22,Same Country
37,2022-02-07,in_cc_ratio,78.35,Same Country
38,2022-02-08,in_cc_ratio,79.56,Same Country
39,2022-02-09,in_cc_ratio,79.48,Same Country
40,2022-02-10,in_cc_ratio,78.18,Same Country
41,2022-02-11,in_cc_ratio,79.38,Same Country
42,2022-02-12,in_cc_ratio,79.65,Same Country
43,2022-02-13,in_cc_ratio,80.62,Same Country
44,2022-02-14,in_cc_ratio,79.76,Same Country
45,2022-02-15,in_cc_ratio,80.44,Same Country
46,2022-02-16,in_cc_ratio,80.72,Same Country
47,2022-02-17,in_cc_ratio,79.2,Same Country
48,2022-02-18,in_cc_ratio,78.09,Same Country
49,2022-02-19,in_cc_ratio,78.06,Same Country
50,2022-02-20,in_cc_ratio,79.02,Same Country
51,2022-02-21,in_cc_ratio,77.06,Same Country
52,2022-02-22,in_cc_ratio,76.63,Same Country
53,2022-02-23,in_cc_ratio,77.05,Same Country
54,2022-02-24,in_cc_ratio,76.65,Same Country
55,2022-02-25,in_cc_ratio,77.72,Same Country
56,2022-02-26,in_cc_ratio,78.67,Same Country
57,2022-02-27,in_cc_ratio,79.35,Same Country
58,2022-02-28,in_cc_ratio,78.72,Same Country
59,2022-03-01,in_cc_ratio,77.09,Same Country
60,2022-03-02,in_cc_ratio,79.61,Same Country
61,2022-03-03,in_cc_ratio,78.35,Same Country
62,2022-03-04,in_cc_ratio,79.65,Same Country
63,2022-03-05,in_cc_ratio,81.5,Same Country
64,2022-03-06,in_cc_ratio,81.19,Same Country
65,2022-03-07,in_cc_ratio,77.95,Same Country
66,2022-03-08,in_cc_ratio,77.8,Same Country
67,2022-03-09,in_cc_ratio,79.27,Same Country
68,2022-03-10,in_cc_ratio,77.15,Same Country
69,2022-03-11,in_cc_ratio,78.3,Same Country
70,2022-03-12,in_cc_ratio,79.98,Same Country
71,2022-03-13,in_cc_ratio,80.49,Same Country
72,2022-03-14,in_cc_ratio,78.44,Same Country
73,2022-03-15,in_cc_ratio,80.0,Same Country
74,2022-03-16,in_cc_ratio,80.21,Same Country
75,2022-03-17,in_cc_ratio,77.41,Same Country
76,2022-03-18,in_cc_ratio,73.65,Same Country
77,2022-03-19,in_cc_ratio,75.79,Same Country
78,2022-03-20,in_cc_ratio,76.17,Same Country
79,2022-03-21,in_cc_ratio,75.34,Same Country
80,2022-03-22,in_cc_ratio,71.87,Same Country
81,2022-03-23,in_cc_ratio,69.6,Same Country
82,2022-03-24,in_cc_ratio,64.37,Same Country
83,2022-03-25,in_cc_ratio,66.48,Same Country
84,2022-03-26,in_cc_ratio,69.63,Same Country
85,2022-03-27,in_cc_ratio,70.23,Same Country
86,2022-03-28,in_cc_ratio,69.1,Same Country
87,2022-03-29,in_cc_ratio,71.36,Same Country
88,2022-03-30,in_cc_ratio,70.39,Same Country
89,2022-03-31,in_cc_ratio,67.61,Same Country
90,2022-04-01,in_cc_ratio,68.09,Same Country
91,2022-04-02,in_cc_ratio,70.54,Same Country
92,2022-04-03,in_cc_ratio,69.67,Same Country
93,2022-04-04,in_cc_ratio,67.35,Same Country
94,2022-04-05,in_cc_ratio,68.51,Same Country
95,2022-04-06,in_cc_ratio,73.28,Same Country
96,2022-04-07,in_cc_ratio,69.42,Same Country
97,2022-04-08,in_cc_ratio,69.55,Same Country
98,2022-04-09,in_cc_ratio,74.64,Same Country
99,2022-04-10,in_cc_ratio,76.74,Same Country
100,2022-04-11,in_cc_ratio,74.78,Same Country
101,2022-04-12,in_cc_ratio,75.68,Same Country
102,2022-04-13,in_cc_ratio,77.07,Same Country
103,2022-04-14,in_cc_ratio,73.44,Same Country
104,2022-04-15,in_cc_ratio,73.55,Same Country
105,2022-04-16,in_cc_ratio,73.18,Same Country
106,2022-04-17,in_cc_ratio,74.26,Same Country
107,2022-04-18,in_cc_ratio,76.4,Same Country
108,2022-04-19,in_cc_ratio,73.89,Same Country
109,2022-04-20,in_cc_ratio,76.53,Same Country
110,2022-04-21,in_cc_ratio,75.04,Same Country
111,2022-04-22,in_cc_ratio,75.33,Same Country
112,2022-04-23,in_cc_ratio,77.11,Same Country
113,2022-04-24,in_cc_ratio,77.77,Same Country
114,2022-04-25,in_cc_ratio,75.4,Same Country
115,2022-04-26,in_cc_ratio,71.67,Same Country
116,2022-04-27,in_cc_ratio,68.91,Same Country
117,2022-04-28,in_cc_ratio,66.68,Same Country
118,2022-04-29,in_cc_ratio,67.73,Same Country
119,2022-04-30,in_cc_ratio,68.51,Same Country
120,2022-05-01,in_cc_ratio,70.42,Same Country
121,2022-05-02,in_cc_ratio,68.38,Same Country
122,2022-05-03,in_cc_ratio,68.06,Same Country
123,2022-05-04,in_cc_ratio,67.05,Same Country
124,2022-05-05,in_cc_ratio,66.58,Same Country
125,2022-05-06,in_cc_ratio,69.08,Same Country
126,2022-05-07,in_cc_ratio,69.4,Same Country
127,2022-05-08,in_cc_ratio,71.02,Same Country
128,2022-05-09,in_cc_ratio,68.54,Same Country
129,2022-05-10,in_cc_ratio,68.02,Same Country
130,2022-05-12,in_cc_ratio,68.27,Same Country
131,2022-05-13,in_cc_ratio,64.89,Same Country
132,2022-05-14,in_cc_ratio,68.38,Same Country
133,2022-05-15,in_cc_ratio,69.5,Same Country
134,2022-05-16,in_cc_ratio,68.83,Same Country
135,2022-05-17,in_cc_ratio,67.92,Same Country
136,2022-05-18,in_cc_ratio,69.21,Same Country
137,2022-05-19,in_cc_ratio,67.37,Same Country
138,2022-05-20,in_cc_ratio,67.95,Same Country
139,2022-05-21,in_cc_ratio,71.32,Same Country
140,2022-05-22,in_cc_ratio,72.93,Same Country
141,2022-05-23,in_cc_ratio,71.51,Same Country
142,2022-05-24,in_cc_ratio,70.32,Same Country
143,2022-05-25,in_cc_ratio,71.59,Same Country
144,2022-05-26,in_cc_ratio,72.92,Same Country
145,2022-05-27,in_cc_ratio,70.61,Same Country
146,2022-05-28,in_cc_ratio,70.01,Same Country
147,2022-05-29,in_cc_ratio,72.68,Same Country
148,2022-05-30,in_cc_ratio,71.07,Same Country
149,2022-05-31,in_cc_ratio,72.0,Same Country
150,2022-06-01,in_cc_ratio,71.24,Same Country
151,2022-06-02,in_cc_ratio,70.65,Same Country
152,2022-06-03,in_cc_ratio,71.19,Same Country
153,2022-06-04,in_cc_ratio,72.34,Same Country
154,2022-06-05,in_cc_ratio,73.49,Same Country
155,2022-06-06,in_cc_ratio,74.65,Same Country
156,2022-06-07,in_cc_ratio,73.04,Same Country
157,2022-06-08,in_cc_ratio,74.01,Same Country
158,2022-06-09,in_cc_ratio,72.12,Same Country
159,2022-06-10,in_cc_ratio,72.76,Same Country
160,2022-06-11,in_cc_ratio,72.63,Same Country
161,2022-06-12,in_cc_ratio,74.43,Same Country
162,2022-06-13,in_cc_ratio,73.95,Same Country
163,2022-06-14,in_cc_ratio,72.37,Same Country
164,2022-06-15,in_cc_ratio,73.67,Same Country
165,2022-06-16,in_cc_ratio,71.7,Same Country
166,2022-06-17,in_cc_ratio,70.51,Same Country
167,2022-06-18,in_cc_ratio,72.64,Same Country
168,2022-06-19,in_cc_ratio,72.69,Same Country
169,2022-06-20,in_cc_ratio,73.06,Same Country
170,2022-06-21,in_cc_ratio,71.37,Same Country
171,2022-06-22,in_cc_ratio,72.18,Same Country
172,2022-06-23,in_cc_ratio,70.72,Same Country
173,2022-06-24,in_cc_ratio,72.12,Same Country
174,2022-06-25,in_cc_ratio,75.37,Same Country
175,2022-06-26,in_cc_ratio,76.3,Same Country
176,2022-06-27,in_cc_ratio,74.4,Same Country
177,2022-06-28,in_cc_ratio,73.06,Same Country
178,2022-06-29,in_cc_ratio,73.39,Same Country
179,2022-06-30,in_cc_ratio,72.41,Same Country
180,2022-07-01,in_cc_ratio,73.65,Same Country
181,2022-07-02,in_cc_ratio,74.06,Same Country
182,2022-07-03,in_cc_ratio,77.54,Same Country
183,2022-07-04,in_cc_ratio,76.02,Same Country
184,2022-07-05,in_cc_ratio,74.43,Same Country
185,2022-07-06,in_cc_ratio,73.01,Same Country
186,2022-07-07,in_cc_ratio,74.12,Same Country
187,2022-07-08,in_cc_ratio,73.4,Same Country
188,2022-07-09,in_cc_ratio,75.5,Same Country
189,2022-07-10,in_cc_ratio,77.17,Same Country
190,2022-07-11,in_cc_ratio,75.47,Same Country
191,2022-07-12,in_cc_ratio,76.21,Same Country
192,2022-07-13,in_cc_ratio,75.52,Same Country
193,2022-07-14,in_cc_ratio,74.18,Same Country
194,2022-07-15,in_cc_ratio,76.45,Same Country
195,2022-07-16,in_cc_ratio,78.24,Same Country
196,2022-07-17,in_cc_ratio,78.89,Same Country
197,2022-07-18,in_cc_ratio,77.24,Same Country
198,2022-07-19,in_cc_ratio,76.29,Same Country
199,2022-07-20,in_cc_ratio,78.03,Same Country
200,2022-07-21,in_cc_ratio,76.01,Same Country
201,2022-07-22,in_cc_ratio,80.08,Same Country
202,2022-07-23,in_cc_ratio,81.27,Same Country
203,2022-07-24,in_cc_ratio,82.63,Same Country
204,2022-07-25,in_cc_ratio,81.87,Same Country
205,2022-07-26,in_cc_ratio,82.75,Same Country
206,2022-07-27,in_cc_ratio,82.47,Same Country
207,2022-07-28,in_cc_ratio,83.88,Same Country
208,2022-07-29,in_cc_ratio,83.71,Same Country
209,2022-07-30,in_cc_ratio,84.96,Same Country
210,2022-07-31,in_cc_ratio,85.88,Same Country
211,2022-08-01,in_cc_ratio,85.98,Same Country
212,2022-08-02,in_cc_ratio,85.85,Same Country
213,2022-08-03,in_cc_ratio,85.37,Same Country
214,2022-08-04,in_cc_ratio,84.62,Same Country
215,2022-08-05,in_cc_ratio,84.04,Same Country
216,2022-08-06,in_cc_ratio,84.71,Same Country
217,2022-08-07,in_cc_ratio,85.13,Same Country
218,2022-08-08,in_cc_ratio,84.35,Same Country
219,2022-08-09,in_cc_ratio,84.57,Same Country
220,2022-08-10,in_cc_ratio,84.35,Same Country
221,2022-08-11,in_cc_ratio,84.71,Same Country
222,2022-08-12,in_cc_ratio,84.14,Same Country
223,2022-08-13,in_cc_ratio,84.56,Same Country
224,2022-08-14,in_cc_ratio,86.58,Same Country
225,2022-08-15,in_cc_ratio,87.11,Same Country
226,2022-08-16,in_cc_ratio,84.95,Same Country
227,2022-08-17,in_cc_ratio,86.3,Same Country
228,2022-08-18,in_cc_ratio,85.68,Same Country
229,2022-08-19,in_cc_ratio,85.4,Same Country
230,2022-08-20,in_cc_ratio,86.46,Same Country
231,2022-08-21,in_cc_ratio,86.85,Same Country
232,2022-08-22,in_cc_ratio,85.93,Same Country
233,2022-08-23,in_cc_ratio,85.93,Same Country
234,2022-08-24,in_cc_ratio,84.06,Same Country
235,2022-08-25,in_cc_ratio,85.45,Same Country
236,2022-08-26,in_cc_ratio,83.58,Same Country
237,2022-08-27,in_cc_ratio,85.6,Same Country
238,2022-08-28,in_cc_ratio,85.67,Same Country
239,2022-08-29,in_cc_ratio,84.84,Same Country
240,2022-08-30,in_cc_ratio,83.4,Same Country
241,2022-08-31,in_cc_ratio,84.75,Same Country
242,2022-09-01,in_cc_ratio,82.48,Same Country
243,2022-09-02,in_cc_ratio,83.87,Same Country
244,2022-09-03,in_cc_ratio,84.36,Same Country
245,2022-09-04,in_cc_ratio,85.14,Same Country
246,2022-09-05,in_cc_ratio,83.41,Same Country
247,2022-09-06,in_cc_ratio,83.6,Same Country
248,2022-09-07,in_cc_ratio,84.57,Same Country
249,2022-09-08,in_cc_ratio,84.61,Same Country
250,2022-09-09,in_cc_ratio,84.13,Same Country
251,2022-09-10,in_cc_ratio,85.34,Same Country
252,2022-09-11,in_cc_ratio,85.68,Same Country
253,2022-09-12,in_cc_ratio,84.45,Same Country
254,2022-09-13,in_cc_ratio,84.49,Same Country
255,2022-09-14,in_cc_ratio,85.5,Same Country
256,2022-09-15,in_cc_ratio,83.74,Same Country
257,2022-09-16,in_cc_ratio,83.94,Same Country
258,2022-09-17,in_cc_ratio,85.63,Same Country
259,2022-09-18,in_cc_ratio,86.47,Same Country
260,2022-09-19,in_cc_ratio,86.12,Same Country
261,2022-09-20,in_cc_ratio,86.62,Same Country
262,2022-09-21,in_cc_ratio,88.21,Same Country
263,2022-09-22,in_cc_ratio,88.86,Same Country
264,2022-09-23,in_cc_ratio,89.67,Same Country
265,2022-09-24,in_cc_ratio,90.94,Same Country
266,2022-09-25,in_cc_ratio,90.16,Same Country
267,2022-09-26,in_cc_ratio,90.88,Same Country
268,2022-09-27,in_cc_ratio,90.56,Same Country
269,2022-09-28,in_cc_ratio,91.05,Same Country
270,2022-09-29,in_cc_ratio,91.43,Same Country
271,2022-09-30,in_cc_ratio,91.16,Same Country
272,2022-10-01,in_cc_ratio,91.62,Same Country
273,2022-10-02,in_cc_ratio,92.06,Same Country
274,2022-10-03,in_cc_ratio,91.63,Same Country
275,2022-10-04,in_cc_ratio,90.65,Same Country
276,2022-10-05,in_cc_ratio,90.72,Same Country
277,2022-10-06,in_cc_ratio,91.04,Same Country
278,2022-10-07,in_cc_ratio,91.1,Same Country
279,2022-10-08,in_cc_ratio,91.2,Same Country
280,2022-10-09,in_cc_ratio,91.91,Same Country
281,2022-10-10,in_cc_ratio,91.46,Same Country
282,2022-10-11,in_cc_ratio,90.59,Same Country
283,2022-10-12,in_cc_ratio,91.02,Same Country
284,2022-10-13,in_cc_ratio,91.5,Same Country
285,2022-10-14,in_cc_ratio,89.88,Same Country
286,2022-10-15,in_cc_ratio,89.87,Same Country
287,2022-10-16,in_cc_ratio,90.47,Same Country
288,2022-10-17,in_cc_ratio,89.95,Same Country
289,2022-10-18,in_cc_ratio,88.64,Same Country
290,2022-10-19,in_cc_ratio,87.98,Same Country
291,2022-10-20,in_cc_ratio,88.01,Same Country
292,2022-10-21,in_cc_ratio,88.71,Same Country
293,2022-10-22,in_cc_ratio,88.5,Same Country
294,2022-10-23,in_cc_ratio,89.44,Same Country
295,2022-10-24,in_cc_ratio,90.0,Same Country
296,2022-10-25,in_cc_ratio,88.32,Same Country
297,2022-10-26,in_cc_ratio,88.45,Same Country
298,2022-10-27,in_cc_ratio,88.13,Same Country
299,2022-10-28,in_cc_ratio,88.77,Same Country
300,2022-10-29,in_cc_ratio,88.01,Same Country
301,2022-10-30,in_cc_ratio,89.47,Same Country
302,2022-10-31,in_cc_ratio,89.52,Same Country
303,2022-11-01,in_cc_ratio,90.85,Same Country
304,2022-11-02,in_cc_ratio,89.32,Same Country
305,2022-11-03,in_cc_ratio,89.73,Same Country
306,2022-11-04,in_cc_ratio,91.01,Same Country
307,2022-11-05,in_cc_ratio,91.38,Same Country
308,2022-11-06,in_cc_ratio,91.77,Same Country
309,2022-11-07,in_cc_ratio,90.32,Same Country
310,2022-11-08,in_cc_ratio,89.44,Same Country
311,2022-11-09,in_cc_ratio,89.75,Same Country
312,2022-11-10,in_cc_ratio,89.55,Same Country
313,2022-11-11,in_cc_ratio,91.02,Same Country
314,2022-11-12,in_cc_ratio,91.09,Same Country
315,2022-11-13,in_cc_ratio,91.09,Same Country
316,2022-11-14,in_cc_ratio,90.91,Same Country
317,2022-11-15,in_cc_ratio,90.7,Same Country
318,2022-11-16,in_cc_ratio,90.67,Same Country
319,2022-11-17,in_cc_ratio,90.68,Same Country
320,2022-11-18,in_cc_ratio,91.21,Same Country
321,2022-11-19,in_cc_ratio,92.03,Same Country
322,2022-11-20,in_cc_ratio,92.46,Same Country
323,2022-11-21,in_cc_ratio,91.67,Same Country
324,2022-11-22,in_cc_ratio,91.06,Same Country
325,2022-11-23,in_cc_ratio,91.59,Same Country
326,2022-11-24,in_cc_ratio,90.76,Same Country
327,2022-11-25,in_cc_ratio,89.75,Same Country
328,2022-11-26,in_cc_ratio,90.28,Same Country
329,2022-11-27,in_cc_ratio,91.83,Same Country
330,2022-11-28,in_cc_ratio,91.35,Same Country
331,2022-11-29,in_cc_ratio,91.91,Same Country
332,2022-11-30,in_cc_ratio,91.94,Same Country
333,2022-12-01,in_cc_ratio,91.31,Same Country
334,2022-12-02,in_cc_ratio,90.88,Same Country
335,2022-12-03,in_cc_ratio,91.37,Same Country
336,2022-12-04,in_cc_ratio,92.09,Same Country
337,2022-12-05,in_cc_ratio,91.55,Same Country
338,2022-12-06,in_cc_ratio,93.36,Same Country
339,2022-12-07,in_cc_ratio,92.18,Same Country
340,2022-12-08,in_cc_ratio,91.18,Same Country
341,2022-12-09,in_cc_ratio,90.44,Same Country
342,2022-12-10,in_cc_ratio,90.95,Same Country
343,2022-12-11,in_cc_ratio,90.97,Same Country
344,2022-12-12,in_cc_ratio,90.95,Same Country
345,2022-12-13,in_cc_ratio,91.69,Same Country
346,2022-12-14,in_cc_ratio,92.66,Same Country
347,2022-12-15,in_cc_ratio,92.91,Same Country
348,2022-12-16,in_cc_ratio,92.08,Same Country
349,2022-12-17,in_cc_ratio,92.44,Same Country
350,2022-12-18,in_cc_ratio,92.67,Same Country
351,2022-12-19,in_cc_ratio,92.79,Same Country
352,2022-12-20,in_cc_ratio,92.42,Same Country
353,2022-12-21,in_cc_ratio,92.26,Same Country
354,2022-12-22,in_cc_ratio,92.04,Same Country
355,2022-12-23,in_cc_ratio,91.78,Same Country
356,2022-12-24,in_cc_ratio,90.91,Same Country
357,2022-12-25,in_cc_ratio,91.67,Same Country
358,2022-12-26,in_cc_ratio,92.7,Same Country
359,2022-12-27,in_cc_ratio,92.33,Same Country
360,2022-12-28,in_cc_ratio,92.29,Same Country
361,2022-12-29,in_cc_ratio,92.29,Same Country
362,2022-12-30,in_cc_ratio,92.56,Same Country
363,2022-12-31,in_cc_ratio,92.09,Same Country
364,2023-01-01,in_cc_ratio,92.68,Same Country
365,2023-01-02,in_cc_ratio,93.19,Same Country
366,2023-01-03,in_cc_ratio,92.49,Same Country
367,2023-01-04,in_cc_ratio,92.82,Same Country
368,2023-01-05,in_cc_ratio,92.56,Same Country
369,2023-01-06,in_cc_ratio,92.61,Same Country
370,2023-01-07,in_cc_ratio,93.32,Same Country
371,2023-01-08,in_cc_ratio,93.58,Same Country
372,2023-01-09,in_cc_ratio,92.52,Same Country
373,2023-01-10,in_cc_ratio,92.34,Same Country
374,2023-01-11,in_cc_ratio,92.14,Same Country
375,2023-01-12,in_cc_ratio,91.91,Same Country
376,2023-01-13,in_cc_ratio,92.0,Same Country
377,2023-01-14,in_cc_ratio,92.83,Same Country
378,2023-01-15,in_cc_ratio,93.09,Same Country
379,2023-01-16,in_cc_ratio,92.93,Same Country
380,2023-01-17,in_cc_ratio,93.1,Same Country
381,2023-01-18,in_cc_ratio,93.18,Same Country
382,2023-01-19,in_cc_ratio,93.11,Same Country
383,2023-01-20,in_cc_ratio,93.09,Same Country
384,2023-01-21,in_cc_ratio,93.35,Same Country
385,2023-01-22,in_cc_ratio,93.88,Same Country
386,2023-01-23,in_cc_ratio,93.18,Same Country
387,2023-01-24,in_cc_ratio,93.43,Same Country
388,2023-01-25,in_cc_ratio,96.0,Same Country
389,2023-01-26,in_cc_ratio,95.35,Same Country
390,2023-01-27,in_cc_ratio,95.17,Same Country
391,2023-01-28,in_cc_ratio,95.82,Same Country
392,2023-01-31,in_cc_ratio,91.83,Same Country
393,2023-02-01,in_cc_ratio,93.49,Same Country
394,2023-02-02,in_cc_ratio,93.6,Same Country
395,2023-02-03,in_cc_ratio,92.84,Same Country
396,2023-02-04,in_cc_ratio,93.77,Same Country
397,2023-02-05,in_cc_ratio,94.35,Same Country
398,2023-02-06,in_cc_ratio,93.63,Same Country
399,2023-02-07,in_cc_ratio,93.61,Same Country
400,2023-02-08,in_cc_ratio,93.94,Same Country
401,2023-02-09,in_cc_ratio,93.71,Same Country
402,2023-02-10,in_cc_ratio,93.81,Same Country
403,2023-02-11,in_cc_ratio,94.24,Same Country
404,2023-02-12,in_cc_ratio,94.62,Same Country
405,2023-02-13,in_cc_ratio,93.74,Same Country
406,2023-02-14,in_cc_ratio,93.95,Same Country
407,2023-02-15,in_cc_ratio,94.08,Same Country
408,2023-02-16,in_cc_ratio,94.1,Same Country
409,2023-02-17,in_cc_ratio,94.27,Same Country
410,2023-02-18,in_cc_ratio,94.2,Same Country
411,2023-02-19,in_cc_ratio,94.65,Same Country
412,2023-02-20,in_cc_ratio,94.22,Same Country
413,2023-02-21,in_cc_ratio,94.31,Same Country
414,2023-02-22,in_cc_ratio,94.45,Same Country
415,2023-02-23,in_cc_ratio,94.23,Same Country
416,2023-02-24,in_cc_ratio,94.51,Same Country
417,2023-02-25,in_cc_ratio,94.86,Same Country
418,2023-02-26,in_cc_ratio,95.15,Same Country
419,2023-02-27,in_cc_ratio,94.47,Same Country
420,2023-02-28,in_cc_ratio,94.53,Same Country
421,2023-03-01,in_cc_ratio,94.35,Same Country
422,2023-03-02,in_cc_ratio,93.84,Same Country
423,2023-03-03,in_cc_ratio,94.11,Same Country
424,2023-03-04,in_cc_ratio,94.24,Same Country
425,2023-03-05,in_cc_ratio,94.62,Same Country
426,2023-03-06,in_cc_ratio,94.26,Same Country
427,2023-03-07,in_cc_ratio,94.39,Same Country
428,2023-03-08,in_cc_ratio,94.28,Same Country
429,2023-03-09,in_cc_ratio,93.7,Same Country
430,2023-03-10,in_cc_ratio,93.48,Same Country
431,2023-03-11,in_cc_ratio,93.84,Same Country
432,2023-03-12,in_cc_ratio,94.15,Same Country
433,2023-03-13,in_cc_ratio,93.56,Same Country
434,2023-03-14,in_cc_ratio,93.89,Same Country
435,2023-03-15,in_cc_ratio,93.59,Same Country
436,2023-03-16,in_cc_ratio,92.75,Same Country
437,2023-03-17,in_cc_ratio,93.1,Same Country
438,2023-03-18,in_cc_ratio,93.8,Same Country
439,2023-03-19,in_cc_ratio,94.26,Same Country
440,2023-03-20,in_cc_ratio,93.78,Same Country
441,2023-03-21,in_cc_ratio,93.84,Same Country
442,2023-03-22,in_cc_ratio,94.16,Same Country
443,2023-03-23,in_cc_ratio,94.24,Same Country
444,2023-03-24,in_cc_ratio,93.76,Same Country
445,2023-03-25,in_cc_ratio,94.08,Same Country
446,2023-03-26,in_cc_ratio,94.49,Same Country
447,2023-03-27,in_cc_ratio,93.63,Same Country
448,2023-03-28,in_cc_ratio,93.09,Same Country
449,2023-03-29,in_cc_ratio,92.74,Same Country
450,2023-03-30,in_cc_ratio,92.27,Same Country
451,2023-03-31,in_cc_ratio,92.73,Same Country
452,2023-04-01,in_cc_ratio,92.98,Same Country
453,2023-04-02,in_cc_ratio,93.34,Same Country
454,2023-04-03,in_cc_ratio,92.68,Same Country
455,2023-04-04,in_cc_ratio,92.49,Same Country
456,2023-04-05,in_cc_ratio,92.33,Same Country
457,2023-04-06,in_cc_ratio,92.23,Same Country
458,2023-04-07,in_cc_ratio,91.74,Same Country
459,2023-04-08,in_cc_ratio,91.15,Same Country
460,2023-04-09,in_cc_ratio,91.67,Same Country
461,2023-04-10,in_cc_ratio,93.12,Same Country
462,2023-04-11,in_cc_ratio,92.66,Same Country
463,2023-04-12,in_cc_ratio,93.03,Same Country
464,2023-04-13,in_cc_ratio,92.64,Same Country
465,2023-04-14,in_cc_ratio,92.18,Same Country
466,2023-04-15,in_cc_ratio,92.6,Same Country
467,2023-04-16,in_cc_ratio,92.72,Same Country
468,2023-04-18,in_cc_ratio,91.74,Same Country
469,2023-04-19,in_cc_ratio,92.46,Same Country
470,2023-04-20,in_cc_ratio,92.52,Same Country
471,2023-04-21,in_cc_ratio,92.57,Same Country
472,2023-04-22,in_cc_ratio,92.51,Same Country
473,2023-04-23,in_cc_ratio,93.44,Same Country
474,2023-04-24,in_cc_ratio,93.07,Same Country
475,2023-04-25,in_cc_ratio,93.26,Same Country
476,2023-04-26,in_cc_ratio,92.79,Same Country
477,2023-04-27,in_cc_ratio,92.79,Same Country
478,2023-04-28,in_cc_ratio,93.04,Same Country
479,2023-04-29,in_cc_ratio,92.85,Same Country
480,2023-04-30,in_cc_ratio,93.25,Same Country
481,2023-05-01,in_cc_ratio,94.05,Same Country
482,2023-05-02,in_cc_ratio,91.26,Same Country
483,2023-05-03,in_cc_ratio,91.06,Same Country
484,2023-05-04,in_cc_ratio,91.89,Same Country
485,2023-05-05,in_cc_ratio,91.81,Same Country
486,2023-05-06,in_cc_ratio,91.77,Same Country
487,2023-05-07,in_cc_ratio,92.81,Same Country
488,2023-05-08,in_cc_ratio,93.05,Same Country
489,2023-05-09,in_cc_ratio,92.12,Same Country
490,2023-05-10,in_cc_ratio,92.08,Same Country
491,2023-05-11,in_cc_ratio,91.49,Same Country
492,2023-05-12,in_cc_ratio,91.68,Same Country
493,2023-05-13,in_cc_ratio,91.42,Same Country
494,2023-05-14,in_cc_ratio,91.8,Same Country
495,2023-05-15,in_cc_ratio,91.17,Same Country
496,2023-05-16,in_cc_ratio,90.93,Same Country
497,2023-05-17,in_cc_ratio,91.57,Same Country
498,2023-05-18,in_cc_ratio,91.92,Same Country
499,2023-05-19,in_cc_ratio,91.93,Same Country
500,2023-05-20,in_cc_ratio,92.46,Same Country
501,2023-05-21,in_cc_ratio,92.78,Same Country
502,2023-05-22,in_cc_ratio,92.11,Same Country
503,2023-05-23,in_cc_ratio,91.82,Same Country
504,2023-05-24,in_cc_ratio,91.84,Same Country
505,2023-05-25,in_cc_ratio,91.27,Same Country
506,2023-05-26,in_cc_ratio,91.27,Same Country
507,2023-05-27,in_cc_ratio,90.91,Same Country
508,2023-05-28,in_cc_ratio,90.4,Same Country
509,2023-05-29,in_cc_ratio,91.83,Same Country
510,2023-05-30,in_cc_ratio,90.69,Same Country
511,2023-05-31,in_cc_ratio,90.7,Same Country
512,2023-06-01,in_cc_ratio,90.06,Same Country
513,2023-06-02,in_cc_ratio,89.71,Same Country
514,2023-06-03,in_cc_ratio,89.21,Same Country
515,2023-06-04,in_cc_ratio,90.15,Same Country
516,2023-06-05,in_cc_ratio,90.01,Same Country
517,2023-06-06,in_cc_ratio,90.73,Same Country
518,2023-06-07,in_cc_ratio,90.21,Same Country
519,2023-06-08,in_cc_ratio,85.99,Same Country
520,2023-06-09,in_cc_ratio,88.7,Same Country
521,2023-06-10,in_cc_ratio,89.19,Same Country
522,2023-06-11,in_cc_ratio,90.67,Same Country
523,2023-06-12,in_cc_ratio,90.33,Same Country
524,2023-06-13,in_cc_ratio,89.97,Same Country
525,2023-06-14,in_cc_ratio,88.56,Same Country
526,2023-06-15,in_cc_ratio,89.8,Same Country
527,2023-06-16,in_cc_ratio,88.78,Same Country
528,2023-06-17,in_cc_ratio,91.37,Same Country
529,2023-06-18,in_cc_ratio,92.94,Same Country
530,2023-06-19,in_cc_ratio,91.84,Same Country
531,2023-06-20,in_cc_ratio,91.4,Same Country
532,2023-06-21,in_cc_ratio,91.7,Same Country
533,2023-06-22,in_cc_ratio,91.34,Same Country
534,2023-06-23,in_cc_ratio,89.87,Same Country
535,2023-06-24,in_cc_ratio,90.51,Same Country
536,2023-06-25,in_cc_ratio,91.95,Same Country
537,2023-06-26,in_cc_ratio,91.43,Same Country
538,2023-06-27,in_cc_ratio,91.29,Same Country
539,2023-06-28,in_cc_ratio,90.91,Same Country
540,2023-06-29,in_cc_ratio,90.11,Same Country
541,2023-06-30,in_cc_ratio,89.66,Same Country
542,2023-07-01,in_cc_ratio,90.39,Same Country
543,2023-07-02,in_cc_ratio,91.48,Same Country
544,2023-07-03,in_cc_ratio,91.11,Same Country
545,2023-07-04,in_cc_ratio,90.53,Same Country
546,2023-07-05,in_cc_ratio,90.96,Same Country
547,2023-07-06,in_cc_ratio,89.53,Same Country
548,2023-07-07,in_cc_ratio,89.21,Same Country
549,2023-07-08,in_cc_ratio,89.3,Same Country
550,2023-07-09,in_cc_ratio,91.29,Same Country
551,2023-07-10,in_cc_ratio,90.47,Same Country
552,2023-07-11,in_cc_ratio,91.36,Same Country
553,2023-07-13,in_cc_ratio,90.81,Same Country
554,2023-07-14,in_cc_ratio,91.29,Same Country
555,2023-07-15,in_cc_ratio,91.31,Same Country
556,2023-07-16,in_cc_ratio,91.36,Same Country
557,2023-07-17,in_cc_ratio,90.3,Same Country
558,2023-07-18,in_cc_ratio,91.39,Same Country
559,2023-07-19,in_cc_ratio,91.15,Same Country
560,2023-07-20,in_cc_ratio,92.46,Same Country
561,2023-07-21,in_cc_ratio,92.41,Same Country
562,2023-07-22,in_cc_ratio,92.61,Same Country
563,2023-07-23,in_cc_ratio,94.06,Same Country
564,2023-07-24,in_cc_ratio,93.52,Same Country
565,2023-07-25,in_cc_ratio,93.22,Same Country
566,2023-07-26,in_cc_ratio,93.05,Same Country
567,2023-07-27,in_cc_ratio,92.43,Same Country
568,2023-07-28,in_cc_ratio,92.98,Same Country
569,2023-07-29,in_cc_ratio,93.02,Same Country
570,2023-07-30,in_cc_ratio,93.6,Same Country
571,2023-07-31,in_cc_ratio,93.27,Same Country
572,2023-08-01,in_cc_ratio,93.18,Same Country
573,2023-08-02,in_cc_ratio,93.09,Same Country
574,2023-08-03,in_cc_ratio,92.74,Same Country
575,2023-08-04,in_cc_ratio,92.51,Same Country
576,2023-08-05,in_cc_ratio,92.34,Same Country
577,2023-08-06,in_cc_ratio,92.88,Same Country
578,2023-08-07,in_cc_ratio,93.05,Same Country
579,2023-08-08,in_cc_ratio,92.61,Same Country
580,2023-08-09,in_cc_ratio,92.52,Same Country
581,2023-08-10,in_cc_ratio,92.03,Same Country
582,2023-08-11,in_cc_ratio,91.13,Same Country
583,2023-08-12,in_cc_ratio,90.84,Same Country
584,2023-08-13,in_cc_ratio,91.66,Same Country
585,2023-08-14,in_cc_ratio,91.5,Same Country
586,2023-08-15,in_cc_ratio,91.76,Same Country
587,2023-08-16,in_cc_ratio,91.04,Same Country
588,2023-08-17,in_cc_ratio,90.98,Same Country
589,2023-08-18,in_cc_ratio,90.96,Same Country
590,2023-08-19,in_cc_ratio,90.77,Same Country
591,2023-08-20,in_cc_ratio,91.43,Same Country
592,2023-08-21,in_cc_ratio,91.21,Same Country
593,2023-08-22,in_cc_ratio,91.0,Same Country
594,2023-08-23,in_cc_ratio,89.79,Same Country
595,2023-08-24,in_cc_ratio,90.38,Same Country
596,2023-08-25,in_cc_ratio,90.68,Same Country
597,2023-08-26,in_cc_ratio,91.26,Same Country
598,2023-08-27,in_cc_ratio,92.56,Same Country
599,2023-08-28,in_cc_ratio,92.41,Same Country
600,2023-08-29,in_cc_ratio,92.38,Same Country
601,2023-08-30,in_cc_ratio,91.88,Same Country
602,2023-08-31,in_cc_ratio,91.44,Same Country
603,2023-09-01,in_cc_ratio,94.29,Same Country
604,2023-09-02,in_cc_ratio,90.57,Same Country
605,2023-09-03,in_cc_ratio,91.58,Same Country
606,2023-09-04,in_cc_ratio,90.89,Same Country
607,2023-09-05,in_cc_ratio,90.66,Same Country
608,2023-09-06,in_cc_ratio,90.25,Same Country
609,2023-09-07,in_cc_ratio,89.71,Same Country
610,2023-09-08,in_cc_ratio,88.56,Same Country
611,2023-09-09,in_cc_ratio,88.86,Same Country
612,2023-09-10,in_cc_ratio,90.35,Same Country
613,2023-09-11,in_cc_ratio,89.93,Same Country
614,2023-09-12,in_cc_ratio,89.66,Same Country
615,2023-09-13,in_cc_ratio,90.07,Same Country
616,2023-09-14,in_cc_ratio,88.79,Same Country
617,2023-09-27,in_cc_ratio,91.98,Same Country
618,2023-09-28,in_cc_ratio,89.96,Same Country
619,2023-09-29,in_cc_ratio,88.52,Same Country
620,2023-09-30,in_cc_ratio,90.1,Same Country
621,2023-10-01,in_cc_ratio,92.28,Same Country
622,2023-10-02,in_cc_ratio,90.85,Same Country
623,2023-10-03,in_cc_ratio,90.48,Same Country
624,2023-10-04,in_cc_ratio,90.93,Same Country
625,2023-10-05,in_cc_ratio,90.48,Same Country
626,2023-10-06,in_cc_ratio,90.02,Same Country
627,2023-10-07,in_cc_ratio,90.37,Same Country
628,2023-10-08,in_cc_ratio,91.41,Same Country
629,2023-10-09,in_cc_ratio,91.04,Same Country
630,2023-10-10,in_cc_ratio,90.62,Same Country
631,2023-10-11,in_cc_ratio,88.66,Same Country
632,2023-10-12,in_cc_ratio,87.91,Same Country
633,2023-10-13,in_cc_ratio,87.22,Same Country
634,2023-10-14,in_cc_ratio,89.78,Same Country
635,2023-10-15,in_cc_ratio,90.3,Same Country
636,2023-10-16,in_cc_ratio,88.82,Same Country
637,2023-10-17,in_cc_ratio,88.7,Same Country
638,2023-10-18,in_cc_ratio,89.48,Same Country
639,2023-10-19,in_cc_ratio,88.3,Same Country
640,2023-10-21,in_cc_ratio,88.39,Same Country
641,2023-10-22,in_cc_ratio,90.14,Same Country
642,2023-10-23,in_cc_ratio,89.69,Same Country
643,2023-10-24,in_cc_ratio,88.8,Same Country
644,2023-10-25,in_cc_ratio,88.49,Same Country
645,2023-10-26,in_cc_ratio,86.74,Same Country
646,2023-10-27,in_cc_ratio,87.24,Same Country
647,2023-10-28,in_cc_ratio,87.99,Same Country
648,2023-10-29,in_cc_ratio,90.04,Same Country
649,2023-10-30,in_cc_ratio,89.28,Same Country
650,2023-10-31,in_cc_ratio,88.71,Same Country
651,2023-11-01,in_cc_ratio,90.45,Same Country
652,2023-11-02,in_cc_ratio,89.9,Same Country
653,2023-11-03,in_cc_ratio,89.94,Same Country
654,2023-11-04,in_cc_ratio,90.4,Same Country
655,2023-11-05,in_cc_ratio,91.61,Same Country
656,2023-11-06,in_cc_ratio,88.67,Same Country
657,2023-11-07,in_cc_ratio,87.49,Same Country
658,2023-11-08,in_cc_ratio,88.9,Same Country
659,2023-11-09,in_cc_ratio,87.83,Same Country
660,2023-11-10,in_cc_ratio,86.33,Same Country
661,2023-11-11,in_cc_ratio,84.89,Same Country
662,2023-11-12,in_cc_ratio,88.32,Same Country
663,2023-11-13,in_cc_ratio,87.48,Same Country
664,2023-11-14,in_cc_ratio,87.36,Same Country
665,2023-11-15,in_cc_ratio,88.19,Same Country
666,2023-11-16,in_cc_ratio,88.61,Same Country
667,2023-11-17,in_cc_ratio,87.75,Same Country
668,2023-11-18,in_cc_ratio,89.2,Same Country
669,2023-11-19,in_cc_ratio,89.99,Same Country
670,2023-11-20,in_cc_ratio,89.72,Same Country
671,2023-11-21,in_cc_ratio,88.71,Same Country
672,2023-11-22,in_cc_ratio,89.44,Same Country
673,2023-11-23,in_cc_ratio,88.1,Same Country
674,2023-11-24,in_cc_ratio,88.54,Same Country
675,2023-11-25,in_cc_ratio,89.03,Same Country
676,2023-11-26,in_cc_ratio,87.96,Same Country
677,2023-11-27,in_cc_ratio,88.42,Same Country
678,2023-11-28,in_cc_ratio,88.05,Same Country
679,2023-11-29,in_cc_ratio,88.36,Same Country
680,2023-11-30,in_cc_ratio,87.05,Same Country
681,2023-12-01,in_cc_ratio,85.84,Same Country
682,2023-12-02,in_cc_ratio,87.42,Same Country
683,2023-12-03,in_cc_ratio,87.36,Same Country
684,2023-12-04,in_cc_ratio,87.44,Same Country
685,2023-12-05,in_cc_ratio,86.48,Same Country
686,2023-12-06,in_cc_ratio,85.89,Same Country
687,2023-12-07,in_cc_ratio,85.98,Same Country
688,2023-12-08,in_cc_ratio,86.18,Same Country
689,2023-12-09,in_cc_ratio,88.42,Same Country
690,2023-12-10,in_cc_ratio,89.23,Same Country
691,2023-12-11,in_cc_ratio,88.45,Same Country
692,2023-12-12,in_cc_ratio,87.18,Same Country
693,2023-12-13,in_cc_ratio,88.57,Same Country
694,2023-12-14,in_cc_ratio,86.6,Same Country
695,2023-12-15,in_cc_ratio,86.59,Same Country
696,2023-12-16,in_cc_ratio,88.19,Same Country
697,2023-12-17,in_cc_ratio,88.8,Same Country
698,2023-12-18,in_cc_ratio,88.19,Same Country
699,2023-12-19,in_cc_ratio,86.99,Same Country
700,2023-12-20,in_cc_ratio,57.9,Same Country
701,2023-12-21,in_cc_ratio,55.27,Same Country
702,2023-12-22,in_cc_ratio,60.64,Same Country
703,2023-12-23,in_cc_ratio,60.07,Same Country
704,2023-12-24,in_cc_ratio,59.37,Same Country
705,2023-12-25,in_cc_ratio,59.53,Same Country
706,2023-12-26,in_cc_ratio,62.21,Same Country
707,2023-12-27,in_cc_ratio,60.75,Same Country
708,2023-12-28,in_cc_ratio,60.56,Same Country
709,2023-12-29,in_cc_ratio,85.2,Same Country
710,2023-12-30,in_cc_ratio,87.94,Same Country
711,2023-12-31,in_cc_ratio,88.87,Same Country
712,2024-01-01,in_cc_ratio,88.65,Same Country
713,2024-01-02,in_cc_ratio,89.12,Same Country
714,2024-01-03,in_cc_ratio,88.4,Same Country
715,2024-01-04,in_cc_ratio,90.21,Same Country
716,2024-01-05,in_cc_ratio,89.42,Same Country
717,2024-01-06,in_cc_ratio,91.52,Same Country
718,2024-01-07,in_cc_ratio,91.14,Same Country
719,2024-01-08,in_cc_ratio,89.18,Same Country
720,2024-01-09,in_cc_ratio,90.33,Same Country
721,2024-01-10,in_cc_ratio,90.48,Same Country
722,2024-01-11,in_cc_ratio,88.85,Same Country
723,2024-01-12,in_cc_ratio,87.66,Same Country
724,2024-01-13,in_cc_ratio,89.52,Same Country
725,2024-01-14,in_cc_ratio,89.2,Same Country
726,2024-01-15,in_cc_ratio,88.89,Same Country
727,2024-01-16,in_cc_ratio,88.97,Same Country
728,2024-01-17,in_cc_ratio,89.75,Same Country
729,2024-01-18,in_cc_ratio,89.99,Same Country
730,2024-01-19,in_cc_ratio,89.82,Same Country
731,2024-01-20,in_cc_ratio,91.27,Same Country
732,2024-01-21,in_cc_ratio,92.29,Same Country
733,2024-01-22,in_cc_ratio,90.45,Same Country
734,2024-01-23,in_cc_ratio,90.23,Same Country
735,2024-01-24,in_cc_ratio,90.17,Same Country
736,2024-01-25,in_cc_ratio,89.63,Same Country
737,2024-01-26,in_cc_ratio,90.84,Same Country
738,2024-01-27,in_cc_ratio,92.5,Same Country
739,2024-01-28,in_cc_ratio,92.11,Same Country
740,2024-01-29,in_cc_ratio,90.48,Same Country
741,2024-01-30,in_cc_ratio,90.82,Same Country
742,2024-01-31,in_cc_ratio,90.56,Same Country
743,2024-02-01,in_cc_ratio,90.3,Same Country
744,2024-02-02,in_cc_ratio,90.42,Same Country
745,2024-02-03,in_cc_ratio,91.57,Same Country
746,2024-02-04,in_cc_ratio,91.82,Same Country
747,2024-02-05,in_cc_ratio,90.37,Same Country
748,2024-02-06,in_cc_ratio,89.93,Same Country
749,2024-02-07,in_cc_ratio,90.68,Same Country
750,2024-02-08,in_cc_ratio,91.04,Same Country
751,2024-02-09,in_cc_ratio,90.07,Same Country
752,2024-02-10,in_cc_ratio,90.18,Same Country
753,2024-02-11,in_cc_ratio,91.11,Same Country
754,2024-02-12,in_cc_ratio,90.77,Same Country
755,2024-02-13,in_cc_ratio,89.86,Same Country
756,2024-02-14,in_cc_ratio,90.19,Same Country
757,2024-02-15,in_cc_ratio,89.34,Same Country
758,2024-02-16,in_cc_ratio,91.07,Same Country
759,2024-02-17,in_cc_ratio,90.89,Same Country
760,2024-02-18,in_cc_ratio,92.28,Same Country
761,2024-02-19,in_cc_ratio,91.43,Same Country
762,2024-02-20,in_cc_ratio,91.96,Same Country
763,2024-02-21,in_cc_ratio,92.25,Same Country
764,2024-02-22,in_cc_ratio,92.09,Same Country
765,2024-02-23,in_cc_ratio,91.21,Same Country
766,2024-02-24,in_cc_ratio,91.47,Same Country
767,2024-02-25,in_cc_ratio,92.84,Same Country
768,2024-02-26,in_cc_ratio,92.11,Same Country
769,2024-02-27,in_cc_ratio,91.76,Same Country
770,2024-02-28,in_cc_ratio,91.53,Same Country
771,2024-02-29,in_cc_ratio,92.75,Same Country
772,2024-03-01,in_cc_ratio,90.96,Same Country
773,2024-03-02,in_cc_ratio,90.55,Same Country
774,2024-03-03,in_cc_ratio,92.64,Same Country
775,2024-03-04,in_cc_ratio,92.34,Same Country
776,2024-03-05,in_cc_ratio,91.67,Same Country
777,2024-03-06,in_cc_ratio,91.15,Same Country
778,2024-03-07,in_cc_ratio,91.55,Same Country
779,2024-03-08,in_cc_ratio,92.32,Same Country
780,2024-03-09,in_cc_ratio,91.91,Same Country
781,2024-03-10,in_cc_ratio,93.44,Same Country
782,2024-03-11,in_cc_ratio,92.6,Same Country
783,2024-03-12,in_cc_ratio,92.05,Same Country
784,2024-03-13,in_cc_ratio,92.08,Same Country
785,2024-03-14,in_cc_ratio,92.22,Same Country
786,2024-03-15,in_cc_ratio,92.33,Same Country
787,2024-03-16,in_cc_ratio,92.14,Same Country
788,2024-03-17,in_cc_ratio,93.62,Same Country
789,2024-03-18,in_cc_ratio,93.17,Same Country
790,2024-03-19,in_cc_ratio,92.62,Same Country
791,2024-03-20,in_cc_ratio,92.33,Same Country
792,2024-03-21,in_cc_ratio,91.23,Same Country
793,2024-03-22,in_cc_ratio,90.82,Same Country
794,2024-03-23,in_cc_ratio,92.59,Same Country
795,2024-03-24,in_cc_ratio,93.0,Same Country
796,2024-03-25,in_cc_ratio,91.39,Same Country
797,2024-03-26,in_cc_ratio,91.99,Same Country
798,2024-03-27,in_cc_ratio,90.96,Same Country
799,2024-03-28,in_cc_ratio,91.06,Same Country
800,2024-03-29,in_cc_ratio,91.29,Same Country
801,2024-03-30,in_cc_ratio,90.24,Same Country
802,2024-03-31,in_cc_ratio,91.44,Same Country
803,2024-04-01,in_cc_ratio,92.29,Same Country
804,2024-04-02,in_cc_ratio,90.49,Same Country
805,2024-04-03,in_cc_ratio,90.67,Same Country
806,2024-04-04,in_cc_ratio,86.31,Same Country
807,2024-04-05,in_cc_ratio,87.94,Same Country
808,2024-04-06,in_cc_ratio,89.56,Same Country
809,2024-04-07,in_cc_ratio,90.27,Same Country
810,2024-04-08,in_cc_ratio,90.27,Same Country
811,2024-04-09,in_cc_ratio,90.49,Same Country
812,2024-04-10,in_cc_ratio,89.3,Same Country
813,2024-04-11,in_cc_ratio,88.18,Same Country
814,2024-04-12,in_cc_ratio,90.04,Same Country
815,2024-04-13,in_cc_ratio,88.55,Same Country
816,2024-04-14,in_cc_ratio,90.48,Same Country
817,2024-04-15,in_cc_ratio,89.94,Same Country
818,2024-04-16,in_cc_ratio,88.99,Same Country
819,2024-04-17,in_cc_ratio,87.69,Same Country
820,2024-04-18,in_cc_ratio,89.24,Same Country
821,2024-04-19,in_cc_ratio,89.38,Same Country
822,2024-04-20,in_cc_ratio,90.46,Same Country
823,2024-04-21,in_cc_ratio,92.61,Same Country
824,2024-04-22,in_cc_ratio,91.34,Same Country
825,2024-04-23,in_cc_ratio,90.19,Same Country
826,2024-04-24,in_cc_ratio,90.76,Same Country
827,2024-04-25,in_cc_ratio,90.81,Same Country
828,2024-04-26,in_cc_ratio,90.37,Same Country
829,2024-04-27,in_cc_ratio,90.86,Same Country
830,2024-04-28,in_cc_ratio,92.44,Same Country
831,2024-04-29,in_cc_ratio,88.73,Same Country
832,2024-04-30,in_cc_ratio,89.24,Same Country
833,2024-05-01,in_cc_ratio,90.66,Same Country
834,2024-05-02,in_cc_ratio,87.82,Same Country
835,2024-05-03,in_cc_ratio,88.94,Same Country
836,2024-05-04,in_cc_ratio,90.32,Same Country
837,2024-05-05,in_cc_ratio,91.49,Same Country
838,2024-05-06,in_cc_ratio,89.23,Same Country
839,2024-05-07,in_cc_ratio,88.62,Same Country
840,2024-05-08,in_cc_ratio,91.13,Same Country
841,2024-05-09,in_cc_ratio,90.08,Same Country
842,2024-05-10,in_cc_ratio,89.07,Same Country
843,2024-05-11,in_cc_ratio,88.91,Same Country
844,2024-05-12,in_cc_ratio,91.78,Same Country
845,2024-05-13,in_cc_ratio,90.09,Same Country
846,2024-05-14,in_cc_ratio,89.23,Same Country
847,2024-05-15,in_cc_ratio,88.73,Same Country
848,2024-05-16,in_cc_ratio,87.46,Same Country
849,2024-05-17,in_cc_ratio,87.29,Same Country
850,2024-05-18,in_cc_ratio,88.69,Same Country
851,2024-05-19,in_cc_ratio,90.92,Same Country
852,2024-05-20,in_cc_ratio,91.91,Same Country
853,2024-05-21,in_cc_ratio,90.35,Same Country
854,2024-05-22,in_cc_ratio,91.59,Same Country
855,2024-05-23,in_cc_ratio,90.26,Same Country
856,2024-05-24,in_cc_ratio,90.28,Same Country
857,2024-05-25,in_cc_ratio,90.59,Same Country
858,2024-05-26,in_cc_ratio,91.92,Same Country
859,2024-05-27,in_cc_ratio,91.8,Same Country
860,2024-05-28,in_cc_ratio,92.25,Same Country
861,2024-05-29,in_cc_ratio,92.18,Same Country
862,2024-05-30,in_cc_ratio,91.48,Same Country
863,2024-05-31,in_cc_ratio,91.37,Same Country
864,2024-06-01,in_cc_ratio,91.35,Same Country
865,2024-06-02,in_cc_ratio,92.56,Same Country
866,2024-06-03,in_cc_ratio,90.27,Same Country
867,2024-06-04,in_cc_ratio,89.15,Same Country
868,2022-01-01,out_cc_ratio,14.16,Different Country
869,2022-01-02,out_cc_ratio,12.2,Different Country
870,2022-01-03,out_cc_ratio,13.7,Different Country
871,2022-01-04,out_cc_ratio,16.46,Different Country
872,2022-01-05,out_cc_ratio,17.46,Different Country
873,2022-01-06,out_cc_ratio,18.1,Different Country
874,2022-01-07,out_cc_ratio,17.58,Different Country
875,2022-01-08,out_cc_ratio,15.46,Different Country
876,2022-01-09,out_cc_ratio,13.88,Different Country
877,2022-01-10,out_cc_ratio,16.45,Different Country
878,2022-01-11,out_cc_ratio,18.45,Different Country
879,2022-01-12,out_cc_ratio,20.13,Different Country
880,2022-01-13,out_cc_ratio,22.72,Different Country
881,2022-01-14,out_cc_ratio,23.07,Different Country
882,2022-01-15,out_cc_ratio,20.67,Different Country
883,2022-01-16,out_cc_ratio,18.5,Different Country
884,2022-01-17,out_cc_ratio,20.25,Different Country
885,2022-01-18,out_cc_ratio,20.97,Different Country
886,2022-01-19,out_cc_ratio,21.56,Different Country
887,2022-01-20,out_cc_ratio,22.06,Different Country
888,2022-01-21,out_cc_ratio,21.14,Different Country
889,2022-01-22,out_cc_ratio,19.76,Different Country
890,2022-01-23,out_cc_ratio,18.52,Different Country
891,2022-01-24,out_cc_ratio,20.15,Different Country
892,2022-01-25,out_cc_ratio,21.35,Different Country
893,2022-01-26,out_cc_ratio,21.65,Different Country
894,2022-01-27,out_cc_ratio,24.12,Different Country
895,2022-01-28,out_cc_ratio,21.7,Different Country
896,2022-01-29,out_cc_ratio,20.69,Different Country
897,2022-01-30,out_cc_ratio,18.97,Different Country
898,2022-01-31,out_cc_ratio,21.09,Different Country
899,2022-02-01,out_cc_ratio,20.89,Different Country
900,2022-02-02,out_cc_ratio,20.57,Different Country
901,2022-02-03,out_cc_ratio,22.33,Different Country
902,2022-02-04,out_cc_ratio,24.84,Different Country
903,2022-02-05,out_cc_ratio,21.09,Different Country
904,2022-02-06,out_cc_ratio,19.78,Different Country
905,2022-02-07,out_cc_ratio,21.65,Different Country
906,2022-02-08,out_cc_ratio,20.44,Different Country
907,2022-02-09,out_cc_ratio,20.52,Different Country
908,2022-02-10,out_cc_ratio,21.82,Different Country
909,2022-02-11,out_cc_ratio,20.62,Different Country
910,2022-02-12,out_cc_ratio,20.35,Different Country
911,2022-02-13,out_cc_ratio,19.38,Different Country
912,2022-02-14,out_cc_ratio,20.24,Different Country
913,2022-02-15,out_cc_ratio,19.56,Different Country
914,2022-02-16,out_cc_ratio,19.28,Different Country
915,2022-02-17,out_cc_ratio,20.8,Different Country
916,2022-02-18,out_cc_ratio,21.91,Different Country
917,2022-02-19,out_cc_ratio,21.94,Different Country
918,2022-02-20,out_cc_ratio,20.98,Different Country
919,2022-02-21,out_cc_ratio,22.94,Different Country
920,2022-02-22,out_cc_ratio,23.37,Different Country
921,2022-02-23,out_cc_ratio,22.95,Different Country
922,2022-02-24,out_cc_ratio,23.35,Different Country
923,2022-02-25,out_cc_ratio,22.28,Different Country
924,2022-02-26,out_cc_ratio,21.33,Different Country
925,2022-02-27,out_cc_ratio,20.65,Different Country
926,2022-02-28,out_cc_ratio,21.28,Different Country
927,2022-03-01,out_cc_ratio,22.91,Different Country
928,2022-03-02,out_cc_ratio,20.39,Different Country
929,2022-03-03,out_cc_ratio,21.65,Different Country
930,2022-03-04,out_cc_ratio,20.35,Different Country
931,2022-03-05,out_cc_ratio,18.5,Different Country
932,2022-03-06,out_cc_ratio,18.81,Different Country
933,2022-03-07,out_cc_ratio,22.05,Different Country
934,2022-03-08,out_cc_ratio,22.2,Different Country
935,2022-03-09,out_cc_ratio,20.73,Different Country
936,2022-03-10,out_cc_ratio,22.85,Different Country
937,2022-03-11,out_cc_ratio,21.7,Different Country
938,2022-03-12,out_cc_ratio,20.02,Different Country
939,2022-03-13,out_cc_ratio,19.51,Different Country
940,2022-03-14,out_cc_ratio,21.56,Different Country
941,2022-03-15,out_cc_ratio,20.0,Different Country
942,2022-03-16,out_cc_ratio,19.79,Different Country
943,2022-03-17,out_cc_ratio,22.59,Different Country
944,2022-03-18,out_cc_ratio,26.35,Different Country
945,2022-03-19,out_cc_ratio,24.21,Different Country
946,2022-03-20,out_cc_ratio,23.83,Different Country
947,2022-03-21,out_cc_ratio,24.66,Different Country
948,2022-03-22,out_cc_ratio,28.13,Different Country
949,2022-03-23,out_cc_ratio,30.4,Different Country
950,2022-03-24,out_cc_ratio,35.63,Different Country
951,2022-03-25,out_cc_ratio,33.52,Different Country
952,2022-03-26,out_cc_ratio,30.37,Different Country
953,2022-03-27,out_cc_ratio,29.77,Different Country
954,2022-03-28,out_cc_ratio,30.9,Different Country
955,2022-03-29,out_cc_ratio,28.64,Different Country
956,2022-03-30,out_cc_ratio,29.61,Different Country
957,2022-03-31,out_cc_ratio,32.39,Different Country
958,2022-04-01,out_cc_ratio,31.91,Different Country
959,2022-04-02,out_cc_ratio,29.46,Different Country
960,2022-04-03,out_cc_ratio,30.33,Different Country
961,2022-04-04,out_cc_ratio,32.65,Different Country
962,2022-04-05,out_cc_ratio,31.49,Different Country
963,2022-04-06,out_cc_ratio,26.72,Different Country
964,2022-04-07,out_cc_ratio,30.58,Different Country
965,2022-04-08,out_cc_ratio,30.45,Different Country
966,2022-04-09,out_cc_ratio,25.36,Different Country
967,2022-04-10,out_cc_ratio,23.26,Different Country
968,2022-04-11,out_cc_ratio,25.22,Different Country
969,2022-04-12,out_cc_ratio,24.32,Different Country
970,2022-04-13,out_cc_ratio,22.93,Different Country
971,2022-04-14,out_cc_ratio,26.56,Different Country
972,2022-04-15,out_cc_ratio,26.45,Different Country
973,2022-04-16,out_cc_ratio,26.82,Different Country
974,2022-04-17,out_cc_ratio,25.74,Different Country
975,2022-04-18,out_cc_ratio,23.6,Different Country
976,2022-04-19,out_cc_ratio,26.11,Different Country
977,2022-04-20,out_cc_ratio,23.47,Different Country
978,2022-04-21,out_cc_ratio,24.96,Different Country
979,2022-04-22,out_cc_ratio,24.67,Different Country
980,2022-04-23,out_cc_ratio,22.89,Different Country
981,2022-04-24,out_cc_ratio,22.23,Different Country
982,2022-04-25,out_cc_ratio,24.6,Different Country
983,2022-04-26,out_cc_ratio,28.33,Different Country
984,2022-04-27,out_cc_ratio,31.09,Different Country
985,2022-04-28,out_cc_ratio,33.32,Different Country
986,2022-04-29,out_cc_ratio,32.27,Different Country
987,2022-04-30,out_cc_ratio,31.49,Different Country
988,2022-05-01,out_cc_ratio,29.58,Different Country
989,2022-05-02,out_cc_ratio,31.62,Different Country
990,2022-05-03,out_cc_ratio,31.94,Different Country
991,2022-05-04,out_cc_ratio,32.95,Different Country
992,2022-05-05,out_cc_ratio,33.42,Different Country
993,2022-05-06,out_cc_ratio,30.92,Different Country
994,2022-05-07,out_cc_ratio,30.6,Different Country
995,2022-05-08,out_cc_ratio,28.98,Different Country
996,2022-05-09,out_cc_ratio,31.46,Different Country
997,2022-05-10,out_cc_ratio,31.98,Different Country
998,2022-05-12,out_cc_ratio,31.73,Different Country
999,2022-05-13,out_cc_ratio,35.11,Different Country
1000,2022-05-14,out_cc_ratio,31.62,Different Country
1001,2022-05-15,out_cc_ratio,30.5,Different Country
1002,2022-05-16,out_cc_ratio,31.17,Different Country
1003,2022-05-17,out_cc_ratio,32.08,Different Country
1004,2022-05-18,out_cc_ratio,30.79,Different Country
1005,2022-05-19,out_cc_ratio,32.63,Different Country
1006,2022-05-20,out_cc_ratio,32.05,Different Country
1007,2022-05-21,out_cc_ratio,28.68,Different Country
1008,2022-05-22,out_cc_ratio,27.07,Different Country
1009,2022-05-23,out_cc_ratio,28.49,Different Country
1010,2022-05-24,out_cc_ratio,29.68,Different Country
1011,2022-05-25,out_cc_ratio,28.41,Different Country
1012,2022-05-26,out_cc_ratio,27.08,Different Country
1013,2022-05-27,out_cc_ratio,29.39,Different Country
1014,2022-05-28,out_cc_ratio,29.99,Different Country
1015,2022-05-29,out_cc_ratio,27.32,Different Country
1016,2022-05-30,out_cc_ratio,28.93,Different Country
1017,2022-05-31,out_cc_ratio,28.0,Different Country
1018,2022-06-01,out_cc_ratio,28.76,Different Country
1019,2022-06-02,out_cc_ratio,29.35,Different Country
1020,2022-06-03,out_cc_ratio,28.81,Different Country
1021,2022-06-04,out_cc_ratio,27.66,Different Country
1022,2022-06-05,out_cc_ratio,26.51,Different Country
1023,2022-06-06,out_cc_ratio,25.35,Different Country
1024,2022-06-07,out_cc_ratio,26.96,Different Country
1025,2022-06-08,out_cc_ratio,25.99,Different Country
1026,2022-06-09,out_cc_ratio,27.88,Different Country
1027,2022-06-10,out_cc_ratio,27.24,Different Country
1028,2022-06-11,out_cc_ratio,27.37,Different Country
1029,2022-06-12,out_cc_ratio,25.57,Different Country
1030,2022-06-13,out_cc_ratio,26.05,Different Country
1031,2022-06-14,out_cc_ratio,27.63,Different Country
1032,2022-06-15,out_cc_ratio,26.33,Different Country
1033,2022-06-16,out_cc_ratio,28.3,Different Country
1034,2022-06-17,out_cc_ratio,29.49,Different Country
1035,2022-06-18,out_cc_ratio,27.36,Different Country
1036,2022-06-19,out_cc_ratio,27.31,Different Country
1037,2022-06-20,out_cc_ratio,26.94,Different Country
1038,2022-06-21,out_cc_ratio,28.63,Different Country
1039,2022-06-22,out_cc_ratio,27.82,Different Country
1040,2022-06-23,out_cc_ratio,29.28,Different Country
1041,2022-06-24,out_cc_ratio,27.88,Different Country
1042,2022-06-25,out_cc_ratio,24.63,Different Country
1043,2022-06-26,out_cc_ratio,23.7,Different Country
1044,2022-06-27,out_cc_ratio,25.6,Different Country
1045,2022-06-28,out_cc_ratio,26.94,Different Country
1046,2022-06-29,out_cc_ratio,26.61,Different Country
1047,2022-06-30,out_cc_ratio,27.59,Different Country
1048,2022-07-01,out_cc_ratio,26.35,Different Country
1049,2022-07-02,out_cc_ratio,25.94,Different Country
1050,2022-07-03,out_cc_ratio,22.46,Different Country
1051,2022-07-04,out_cc_ratio,23.98,Different Country
1052,2022-07-05,out_cc_ratio,25.57,Different Country
1053,2022-07-06,out_cc_ratio,26.99,Different Country
1054,2022-07-07,out_cc_ratio,25.88,Different Country
1055,2022-07-08,out_cc_ratio,26.6,Different Country
1056,2022-07-09,out_cc_ratio,24.5,Different Country
1057,2022-07-10,out_cc_ratio,22.83,Different Country
1058,2022-07-11,out_cc_ratio,24.53,Different Country
1059,2022-07-12,out_cc_ratio,23.79,Different Country
1060,2022-07-13,out_cc_ratio,24.48,Different Country
1061,2022-07-14,out_cc_ratio,25.82,Different Country
1062,2022-07-15,out_cc_ratio,23.55,Different Country
1063,2022-07-16,out_cc_ratio,21.76,Different Country
1064,2022-07-17,out_cc_ratio,21.11,Different Country
1065,2022-07-18,out_cc_ratio,22.76,Different Country
1066,2022-07-19,out_cc_ratio,23.71,Different Country
1067,2022-07-20,out_cc_ratio,21.97,Different Country
1068,2022-07-21,out_cc_ratio,23.99,Different Country
1069,2022-07-22,out_cc_ratio,19.92,Different Country
1070,2022-07-23,out_cc_ratio,18.73,Different Country
1071,2022-07-24,out_cc_ratio,17.37,Different Country
1072,2022-07-25,out_cc_ratio,18.13,Different Country
1073,2022-07-26,out_cc_ratio,17.25,Different Country
1074,2022-07-27,out_cc_ratio,17.53,Different Country
1075,2022-07-28,out_cc_ratio,16.12,Different Country
1076,2022-07-29,out_cc_ratio,16.29,Different Country
1077,2022-07-30,out_cc_ratio,15.04,Different Country
1078,2022-07-31,out_cc_ratio,14.12,Different Country
1079,2022-08-01,out_cc_ratio,14.02,Different Country
1080,2022-08-02,out_cc_ratio,14.15,Different Country
1081,2022-08-03,out_cc_ratio,14.63,Different Country
1082,2022-08-04,out_cc_ratio,15.38,Different Country
1083,2022-08-05,out_cc_ratio,15.96,Different Country
1084,2022-08-06,out_cc_ratio,15.29,Different Country
1085,2022-08-07,out_cc_ratio,14.87,Different Country
1086,2022-08-08,out_cc_ratio,15.65,Different Country
1087,2022-08-09,out_cc_ratio,15.43,Different Country
1088,2022-08-10,out_cc_ratio,15.65,Different Country
1089,2022-08-11,out_cc_ratio,15.29,Different Country
1090,2022-08-12,out_cc_ratio,15.86,Different Country
1091,2022-08-13,out_cc_ratio,15.44,Different Country
1092,2022-08-14,out_cc_ratio,13.42,Different Country
1093,2022-08-15,out_cc_ratio,12.89,Different Country
1094,2022-08-16,out_cc_ratio,15.05,Different Country
1095,2022-08-17,out_cc_ratio,13.7,Different Country
1096,2022-08-18,out_cc_ratio,14.32,Different Country
1097,2022-08-19,out_cc_ratio,14.6,Different Country
1098,2022-08-20,out_cc_ratio,13.54,Different Country
1099,2022-08-21,out_cc_ratio,13.15,Different Country
1100,2022-08-22,out_cc_ratio,14.07,Different Country
1101,2022-08-23,out_cc_ratio,14.07,Different Country
1102,2022-08-24,out_cc_ratio,15.94,Different Country
1103,2022-08-25,out_cc_ratio,14.55,Different Country
1104,2022-08-26,out_cc_ratio,16.42,Different Country
1105,2022-08-27,out_cc_ratio,14.4,Different Country
1106,2022-08-28,out_cc_ratio,14.33,Different Country
1107,2022-08-29,out_cc_ratio,15.16,Different Country
1108,2022-08-30,out_cc_ratio,16.6,Different Country
1109,2022-08-31,out_cc_ratio,15.25,Different Country
1110,2022-09-01,out_cc_ratio,17.52,Different Country
1111,2022-09-02,out_cc_ratio,16.13,Different Country
1112,2022-09-03,out_cc_ratio,15.64,Different Country
1113,2022-09-04,out_cc_ratio,14.86,Different Country
1114,2022-09-05,out_cc_ratio,16.59,Different Country
1115,2022-09-06,out_cc_ratio,16.4,Different Country
1116,2022-09-07,out_cc_ratio,15.43,Different Country
1117,2022-09-08,out_cc_ratio,15.39,Different Country
1118,2022-09-09,out_cc_ratio,15.87,Different Country
1119,2022-09-10,out_cc_ratio,14.66,Different Country
1120,2022-09-11,out_cc_ratio,14.32,Different Country
1121,2022-09-12,out_cc_ratio,15.55,Different Country
1122,2022-09-13,out_cc_ratio,15.51,Different Country
1123,2022-09-14,out_cc_ratio,14.5,Different Country
1124,2022-09-15,out_cc_ratio,16.26,Different Country
1125,2022-09-16,out_cc_ratio,16.06,Different Country
1126,2022-09-17,out_cc_ratio,14.37,Different Country
1127,2022-09-18,out_cc_ratio,13.53,Different Country
1128,2022-09-19,out_cc_ratio,13.88,Different Country
1129,2022-09-20,out_cc_ratio,13.38,Different Country
1130,2022-09-21,out_cc_ratio,11.79,Different Country
1131,2022-09-22,out_cc_ratio,11.14,Different Country
1132,2022-09-23,out_cc_ratio,10.33,Different Country
1133,2022-09-24,out_cc_ratio,9.06,Different Country
1134,2022-09-25,out_cc_ratio,9.84,Different Country
1135,2022-09-26,out_cc_ratio,9.12,Different Country
1136,2022-09-27,out_cc_ratio,9.44,Different Country
1137,2022-09-28,out_cc_ratio,8.95,Different Country
1138,2022-09-29,out_cc_ratio,8.57,Different Country
1139,2022-09-30,out_cc_ratio,8.84,Different Country
1140,2022-10-01,out_cc_ratio,8.38,Different Country
1141,2022-10-02,out_cc_ratio,7.94,Different Country
1142,2022-10-03,out_cc_ratio,8.37,Different Country
1143,2022-10-04,out_cc_ratio,9.35,Different Country
1144,2022-10-05,out_cc_ratio,9.28,Different Country
1145,2022-10-06,out_cc_ratio,8.96,Different Country
1146,2022-10-07,out_cc_ratio,8.9,Different Country
1147,2022-10-08,out_cc_ratio,8.8,Different Country
1148,2022-10-09,out_cc_ratio,8.09,Different Country
1149,2022-10-10,out_cc_ratio,8.54,Different Country
1150,2022-10-11,out_cc_ratio,9.41,Different Country
1151,2022-10-12,out_cc_ratio,8.98,Different Country
1152,2022-10-13,out_cc_ratio,8.5,Different Country
1153,2022-10-14,out_cc_ratio,10.12,Different Country
1154,2022-10-15,out_cc_ratio,10.13,Different Country
1155,2022-10-16,out_cc_ratio,9.53,Different Country
1156,2022-10-17,out_cc_ratio,10.05,Different Country
1157,2022-10-18,out_cc_ratio,11.36,Different Country
1158,2022-10-19,out_cc_ratio,12.02,Different Country
1159,2022-10-20,out_cc_ratio,11.99,Different Country
1160,2022-10-21,out_cc_ratio,11.29,Different Country
1161,2022-10-22,out_cc_ratio,11.5,Different Country
1162,2022-10-23,out_cc_ratio,10.56,Different Country
1163,2022-10-24,out_cc_ratio,10.0,Different Country
1164,2022-10-25,out_cc_ratio,11.68,Different Country
1165,2022-10-26,out_cc_ratio,11.55,Different Country
1166,2022-10-27,out_cc_ratio,11.87,Different Country
1167,2022-10-28,out_cc_ratio,11.23,Different Country
1168,2022-10-29,out_cc_ratio,11.99,Different Country
1169,2022-10-30,out_cc_ratio,10.53,Different Country
1170,2022-10-31,out_cc_ratio,10.48,Different Country
1171,2022-11-01,out_cc_ratio,9.15,Different Country
1172,2022-11-02,out_cc_ratio,10.68,Different Country
1173,2022-11-03,out_cc_ratio,10.27,Different Country
1174,2022-11-04,out_cc_ratio,8.99,Different Country
1175,2022-11-05,out_cc_ratio,8.62,Different Country
1176,2022-11-06,out_cc_ratio,8.23,Different Country
1177,2022-11-07,out_cc_ratio,9.68,Different Country
1178,2022-11-08,out_cc_ratio,10.56,Different Country
1179,2022-11-09,out_cc_ratio,10.25,Different Country
1180,2022-11-10,out_cc_ratio,10.45,Different Country
1181,2022-11-11,out_cc_ratio,8.98,Different Country
1182,2022-11-12,out_cc_ratio,8.91,Different Country
1183,2022-11-13,out_cc_ratio,8.91,Different Country
1184,2022-11-14,out_cc_ratio,9.09,Different Country
1185,2022-11-15,out_cc_ratio,9.3,Different Country
1186,2022-11-16,out_cc_ratio,9.33,Different Country
1187,2022-11-17,out_cc_ratio,9.32,Different Country
1188,2022-11-18,out_cc_ratio,8.79,Different Country
1189,2022-11-19,out_cc_ratio,7.97,Different Country
1190,2022-11-20,out_cc_ratio,7.54,Different Country
1191,2022-11-21,out_cc_ratio,8.33,Different Country
1192,2022-11-22,out_cc_ratio,8.94,Different Country
1193,2022-11-23,out_cc_ratio,8.41,Different Country
1194,2022-11-24,out_cc_ratio,9.24,Different Country
1195,2022-11-25,out_cc_ratio,10.25,Different Country
1196,2022-11-26,out_cc_ratio,9.72,Different Country
1197,2022-11-27,out_cc_ratio,8.17,Different Country
1198,2022-11-28,out_cc_ratio,8.65,Different Country
1199,2022-11-29,out_cc_ratio,8.09,Different Country
1200,2022-11-30,out_cc_ratio,8.06,Different Country
1201,2022-12-01,out_cc_ratio,8.69,Different Country
1202,2022-12-02,out_cc_ratio,9.12,Different Country
1203,2022-12-03,out_cc_ratio,8.63,Different Country
1204,2022-12-04,out_cc_ratio,7.91,Different Country
1205,2022-12-05,out_cc_ratio,8.45,Different Country
1206,2022-12-06,out_cc_ratio,6.64,Different Country
1207,2022-12-07,out_cc_ratio,7.82,Different Country
1208,2022-12-08,out_cc_ratio,8.82,Different Country
1209,2022-12-09,out_cc_ratio,9.56,Different Country
1210,2022-12-10,out_cc_ratio,9.05,Different Country
1211,2022-12-11,out_cc_ratio,9.03,Different Country
1212,2022-12-12,out_cc_ratio,9.05,Different Country
1213,2022-12-13,out_cc_ratio,8.31,Different Country
1214,2022-12-14,out_cc_ratio,7.34,Different Country
1215,2022-12-15,out_cc_ratio,7.09,Different Country
1216,2022-12-16,out_cc_ratio,7.92,Different Country
1217,2022-12-17,out_cc_ratio,7.56,Different Country
1218,2022-12-18,out_cc_ratio,7.33,Different Country
1219,2022-12-19,out_cc_ratio,7.21,Different Country
1220,2022-12-20,out_cc_ratio,7.58,Different Country
1221,2022-12-21,out_cc_ratio,7.74,Different Country
1222,2022-12-22,out_cc_ratio,7.96,Different Country
1223,2022-12-23,out_cc_ratio,8.22,Different Country
1224,2022-12-24,out_cc_ratio,9.09,Different Country
1225,2022-12-25,out_cc_ratio,8.33,Different Country
1226,2022-12-26,out_cc_ratio,7.3,Different Country
1227,2022-12-27,out_cc_ratio,7.67,Different Country
1228,2022-12-28,out_cc_ratio,7.71,Different Country
1229,2022-12-29,out_cc_ratio,7.71,Different Country
1230,2022-12-30,out_cc_ratio,7.44,Different Country
1231,2022-12-31,out_cc_ratio,7.91,Different Country
1232,2023-01-01,out_cc_ratio,7.32,Different Country
1233,2023-01-02,out_cc_ratio,6.81,Different Country
1234,2023-01-03,out_cc_ratio,7.51,Different Country
1235,2023-01-04,out_cc_ratio,7.18,Different Country
1236,2023-01-05,out_cc_ratio,7.44,Different Country
1237,2023-01-06,out_cc_ratio,7.39,Different Country
1238,2023-01-07,out_cc_ratio,6.68,Different Country
1239,2023-01-08,out_cc_ratio,6.42,Different Country
1240,2023-01-09,out_cc_ratio,7.48,Different Country
1241,2023-01-10,out_cc_ratio,7.66,Different Country
1242,2023-01-11,out_cc_ratio,7.86,Different Country
1243,2023-01-12,out_cc_ratio,8.09,Different Country
1244,2023-01-13,out_cc_ratio,8.0,Different Country
1245,2023-01-14,out_cc_ratio,7.17,Different Country
1246,2023-01-15,out_cc_ratio,6.91,Different Country
1247,2023-01-16,out_cc_ratio,7.07,Different Country
1248,2023-01-17,out_cc_ratio,6.9,Different Country
1249,2023-01-18,out_cc_ratio,6.82,Different Country
1250,2023-01-19,out_cc_ratio,6.89,Different Country
1251,2023-01-20,out_cc_ratio,6.91,Different Country
1252,2023-01-21,out_cc_ratio,6.65,Different Country
1253,2023-01-22,out_cc_ratio,6.12,Different Country
1254,2023-01-23,out_cc_ratio,6.82,Different Country
1255,2023-01-24,out_cc_ratio,6.57,Different Country
1256,2023-01-25,out_cc_ratio,4.0,Different Country
1257,2023-01-26,out_cc_ratio,4.65,Different Country
1258,2023-01-27,out_cc_ratio,4.83,Different Country
1259,2023-01-28,out_cc_ratio,4.18,Different Country
1260,2023-01-31,out_cc_ratio,8.17,Different Country
1261,2023-02-01,out_cc_ratio,6.51,Different Country
1262,2023-02-02,out_cc_ratio,6.4,Different Country
1263,2023-02-03,out_cc_ratio,7.16,Different Country
1264,2023-02-04,out_cc_ratio,6.23,Different Country
1265,2023-02-05,out_cc_ratio,5.65,Different Country
1266,2023-02-06,out_cc_ratio,6.37,Different Country
1267,2023-02-07,out_cc_ratio,6.39,Different Country
1268,2023-02-08,out_cc_ratio,6.06,Different Country
1269,2023-02-09,out_cc_ratio,6.29,Different Country
1270,2023-02-10,out_cc_ratio,6.19,Different Country
1271,2023-02-11,out_cc_ratio,5.76,Different Country
1272,2023-02-12,out_cc_ratio,5.38,Different Country
1273,2023-02-13,out_cc_ratio,6.26,Different Country
1274,2023-02-14,out_cc_ratio,6.05,Different Country
1275,2023-02-15,out_cc_ratio,5.92,Different Country
1276,2023-02-16,out_cc_ratio,5.9,Different Country
1277,2023-02-17,out_cc_ratio,5.73,Different Country
1278,2023-02-18,out_cc_ratio,5.8,Different Country
1279,2023-02-19,out_cc_ratio,5.35,Different Country
1280,2023-02-20,out_cc_ratio,5.78,Different Country
1281,2023-02-21,out_cc_ratio,5.69,Different Country
1282,2023-02-22,out_cc_ratio,5.55,Different Country
1283,2023-02-23,out_cc_ratio,5.77,Different Country
1284,2023-02-24,out_cc_ratio,5.49,Different Country
1285,2023-02-25,out_cc_ratio,5.14,Different Country
1286,2023-02-26,out_cc_ratio,4.85,Different Country
1287,2023-02-27,out_cc_ratio,5.53,Different Country
1288,2023-02-28,out_cc_ratio,5.47,Different Country
1289,2023-03-01,out_cc_ratio,5.65,Different Country
1290,2023-03-02,out_cc_ratio,6.16,Different Country
1291,2023-03-03,out_cc_ratio,5.89,Different Country
1292,2023-03-04,out_cc_ratio,5.76,Different Country
1293,2023-03-05,out_cc_ratio,5.38,Different Country
1294,2023-03-06,out_cc_ratio,5.74,Different Country
1295,2023-03-07,out_cc_ratio,5.61,Different Country
1296,2023-03-08,out_cc_ratio,5.72,Different Country
1297,2023-03-09,out_cc_ratio,6.3,Different Country
1298,2023-03-10,out_cc_ratio,6.52,Different Country
1299,2023-03-11,out_cc_ratio,6.16,Different Country
1300,2023-03-12,out_cc_ratio,5.85,Different Country
1301,2023-03-13,out_cc_ratio,6.44,Different Country
1302,2023-03-14,out_cc_ratio,6.11,Different Country
1303,2023-03-15,out_cc_ratio,6.41,Different Country
1304,2023-03-16,out_cc_ratio,7.25,Different Country
1305,2023-03-17,out_cc_ratio,6.9,Different Country
1306,2023-03-18,out_cc_ratio,6.2,Different Country
1307,2023-03-19,out_cc_ratio,5.74,Different Country
1308,2023-03-20,out_cc_ratio,6.22,Different Country
1309,2023-03-21,out_cc_ratio,6.16,Different Country
1310,2023-03-22,out_cc_ratio,5.84,Different Country
1311,2023-03-23,out_cc_ratio,5.76,Different Country
1312,2023-03-24,out_cc_ratio,6.24,Different Country
1313,2023-03-25,out_cc_ratio,5.92,Different Country
1314,2023-03-26,out_cc_ratio,5.51,Different Country
1315,2023-03-27,out_cc_ratio,6.37,Different Country
1316,2023-03-28,out_cc_ratio,6.91,Different Country
1317,2023-03-29,out_cc_ratio,7.26,Different Country
1318,2023-03-30,out_cc_ratio,7.73,Different Country
1319,2023-03-31,out_cc_ratio,7.27,Different Country
1320,2023-04-01,out_cc_ratio,7.02,Different Country
1321,2023-04-02,out_cc_ratio,6.66,Different Country
1322,2023-04-03,out_cc_ratio,7.32,Different Country
1323,2023-04-04,out_cc_ratio,7.51,Different Country
1324,2023-04-05,out_cc_ratio,7.67,Different Country
1325,2023-04-06,out_cc_ratio,7.77,Different Country
1326,2023-04-07,out_cc_ratio,8.26,Different Country
1327,2023-04-08,out_cc_ratio,8.85,Different Country
1328,2023-04-09,out_cc_ratio,8.33,Different Country
1329,2023-04-10,out_cc_ratio,6.88,Different Country
1330,2023-04-11,out_cc_ratio,7.34,Different Country
1331,2023-04-12,out_cc_ratio,6.97,Different Country
1332,2023-04-13,out_cc_ratio,7.36,Different Country
1333,2023-04-14,out_cc_ratio,7.82,Different Country
1334,2023-04-15,out_cc_ratio,7.4,Different Country
1335,2023-04-16,out_cc_ratio,7.28,Different Country
1336,2023-04-18,out_cc_ratio,8.26,Different Country
1337,2023-04-19,out_cc_ratio,7.54,Different Country
1338,2023-04-20,out_cc_ratio,7.48,Different Country
1339,2023-04-21,out_cc_ratio,7.43,Different Country
1340,2023-04-22,out_cc_ratio,7.49,Different Country
1341,2023-04-23,out_cc_ratio,6.56,Different Country
1342,2023-04-24,out_cc_ratio,6.93,Different Country
1343,2023-04-25,out_cc_ratio,6.74,Different Country
1344,2023-04-26,out_cc_ratio,7.21,Different Country
1345,2023-04-27,out_cc_ratio,7.21,Different Country
1346,2023-04-28,out_cc_ratio,6.96,Different Country
1347,2023-04-29,out_cc_ratio,7.15,Different Country
1348,2023-04-30,out_cc_ratio,6.75,Different Country
1349,2023-05-01,out_cc_ratio,5.95,Different Country
1350,2023-05-02,out_cc_ratio,8.74,Different Country
1351,2023-05-03,out_cc_ratio,8.94,Different Country
1352,2023-05-04,out_cc_ratio,8.11,Different Country
1353,2023-05-05,out_cc_ratio,8.19,Different Country
1354,2023-05-06,out_cc_ratio,8.23,Different Country
1355,2023-05-07,out_cc_ratio,7.19,Different Country
1356,2023-05-08,out_cc_ratio,6.95,Different Country
1357,2023-05-09,out_cc_ratio,7.88,Different Country
1358,2023-05-10,out_cc_ratio,7.92,Different Country
1359,2023-05-11,out_cc_ratio,8.51,Different Country
1360,2023-05-12,out_cc_ratio,8.32,Different Country
1361,2023-05-13,out_cc_ratio,8.58,Different Country
1362,2023-05-14,out_cc_ratio,8.2,Different Country
1363,2023-05-15,out_cc_ratio,8.83,Different Country
1364,2023-05-16,out_cc_ratio,9.07,Different Country
1365,2023-05-17,out_cc_ratio,8.43,Different Country
1366,2023-05-18,out_cc_ratio,8.08,Different Country
1367,2023-05-19,out_cc_ratio,8.07,Different Country
1368,2023-05-20,out_cc_ratio,7.54,Different Country
1369,2023-05-21,out_cc_ratio,7.22,Different Country
1370,2023-05-22,out_cc_ratio,7.89,Different Country
1371,2023-05-23,out_cc_ratio,8.18,Different Country
1372,2023-05-24,out_cc_ratio,8.16,Different Country
1373,2023-05-25,out_cc_ratio,8.73,Different Country
1374,2023-05-26,out_cc_ratio,8.73,Different Country
1375,2023-05-27,out_cc_ratio,9.09,Different Country
1376,2023-05-28,out_cc_ratio,9.6,Different Country
1377,2023-05-29,out_cc_ratio,8.17,Different Country
1378,2023-05-30,out_cc_ratio,9.31,Different Country
1379,2023-05-31,out_cc_ratio,9.3,Different Country
1380,2023-06-01,out_cc_ratio,9.94,Different Country
1381,2023-06-02,out_cc_ratio,10.29,Different Country
1382,2023-06-03,out_cc_ratio,10.79,Different Country
1383,2023-06-04,out_cc_ratio,9.85,Different Country
1384,2023-06-05,out_cc_ratio,9.99,Different Country
1385,2023-06-06,out_cc_ratio,9.27,Different Country
1386,2023-06-07,out_cc_ratio,9.79,Different Country
1387,2023-06-08,out_cc_ratio,14.01,Different Country
1388,2023-06-09,out_cc_ratio,11.3,Different Country
1389,2023-06-10,out_cc_ratio,10.81,Different Country
1390,2023-06-11,out_cc_ratio,9.33,Different Country
1391,2023-06-12,out_cc_ratio,9.67,Different Country
1392,2023-06-13,out_cc_ratio,10.03,Different Country
1393,2023-06-14,out_cc_ratio,11.44,Different Country
1394,2023-06-15,out_cc_ratio,10.2,Different Country
1395,2023-06-16,out_cc_ratio,11.22,Different Country
1396,2023-06-17,out_cc_ratio,8.63,Different Country
1397,2023-06-18,out_cc_ratio,7.06,Different Country
1398,2023-06-19,out_cc_ratio,8.16,Different Country
1399,2023-06-20,out_cc_ratio,8.6,Different Country
1400,2023-06-21,out_cc_ratio,8.3,Different Country
1401,2023-06-22,out_cc_ratio,8.66,Different Country
1402,2023-06-23,out_cc_ratio,10.13,Different Country
1403,2023-06-24,out_cc_ratio,9.49,Different Country
1404,2023-06-25,out_cc_ratio,8.05,Different Country
1405,2023-06-26,out_cc_ratio,8.57,Different Country
1406,2023-06-27,out_cc_ratio,8.71,Different Country
1407,2023-06-28,out_cc_ratio,9.09,Different Country
1408,2023-06-29,out_cc_ratio,9.89,Different Country
1409,2023-06-30,out_cc_ratio,10.34,Different Country
1410,2023-07-01,out_cc_ratio,9.61,Different Country
1411,2023-07-02,out_cc_ratio,8.52,Different Country
1412,2023-07-03,out_cc_ratio,8.89,Different Country
1413,2023-07-04,out_cc_ratio,9.47,Different Country
1414,2023-07-05,out_cc_ratio,9.04,Different Country
1415,2023-07-06,out_cc_ratio,10.47,Different Country
1416,2023-07-07,out_cc_ratio,10.79,Different Country
1417,2023-07-08,out_cc_ratio,10.7,Different Country
1418,2023-07-09,out_cc_ratio,8.71,Different Country
1419,2023-07-10,out_cc_ratio,9.53,Different Country
1420,2023-07-11,out_cc_ratio,8.64,Different Country
1421,2023-07-13,out_cc_ratio,9.19,Different Country
1422,2023-07-14,out_cc_ratio,8.71,Different Country
1423,2023-07-15,out_cc_ratio,8.69,Different Country
1424,2023-07-16,out_cc_ratio,8.64,Different Country
1425,2023-07-17,out_cc_ratio,9.7,Different Country
1426,2023-07-18,out_cc_ratio,8.61,Different Country
1427,2023-07-19,out_cc_ratio,8.85,Different Country
1428,2023-07-20,out_cc_ratio,7.54,Different Country
1429,2023-07-21,out_cc_ratio,7.59,Different Country
1430,2023-07-22,out_cc_ratio,7.39,Different Country
1431,2023-07-23,out_cc_ratio,5.94,Different Country
1432,2023-07-24,out_cc_ratio,6.48,Different Country
1433,2023-07-25,out_cc_ratio,6.78,Different Country
1434,2023-07-26,out_cc_ratio,6.95,Different Country
1435,2023-07-27,out_cc_ratio,7.57,Different Country
1436,2023-07-28,out_cc_ratio,7.02,Different Country
1437,2023-07-29,out_cc_ratio,6.98,Different Country
1438,2023-07-30,out_cc_ratio,6.4,Different Country
1439,2023-07-31,out_cc_ratio,6.73,Different Country
1440,2023-08-01,out_cc_ratio,6.82,Different Country
1441,2023-08-02,out_cc_ratio,6.91,Different Country
1442,2023-08-03,out_cc_ratio,7.26,Different Country
1443,2023-08-04,out_cc_ratio,7.49,Different Country
1444,2023-08-05,out_cc_ratio,7.66,Different Country
1445,2023-08-06,out_cc_ratio,7.12,Different Country
1446,2023-08-07,out_cc_ratio,6.95,Different Country
1447,2023-08-08,out_cc_ratio,7.39,Different Country
1448,2023-08-09,out_cc_ratio,7.48,Different Country
1449,2023-08-10,out_cc_ratio,7.97,Different Country
1450,2023-08-11,out_cc_ratio,8.87,Different Country
1451,2023-08-12,out_cc_ratio,9.16,Different Country
1452,2023-08-13,out_cc_ratio,8.34,Different Country
1453,2023-08-14,out_cc_ratio,8.5,Different Country
1454,2023-08-15,out_cc_ratio,8.24,Different Country
1455,2023-08-16,out_cc_ratio,8.96,Different Country
1456,2023-08-17,out_cc_ratio,9.02,Different Country
1457,2023-08-18,out_cc_ratio,9.04,Different Country
1458,2023-08-19,out_cc_ratio,9.23,Different Country
1459,2023-08-20,out_cc_ratio,8.57,Different Country
1460,2023-08-21,out_cc_ratio,8.79,Different Country
1461,2023-08-22,out_cc_ratio,9.0,Different Country
1462,2023-08-23,out_cc_ratio,10.21,Different Country
1463,2023-08-24,out_cc_ratio,9.62,Different Country
1464,2023-08-25,out_cc_ratio,9.32,Different Country
1465,2023-08-26,out_cc_ratio,8.74,Different Country
1466,2023-08-27,out_cc_ratio,7.44,Different Country
1467,2023-08-28,out_cc_ratio,7.59,Different Country
1468,2023-08-29,out_cc_ratio,7.62,Different Country
1469,2023-08-30,out_cc_ratio,8.12,Different Country
1470,2023-08-31,out_cc_ratio,8.56,Different Country
1471,2023-09-01,out_cc_ratio,5.71,Different Country
1472,2023-09-02,out_cc_ratio,9.43,Different Country
1473,2023-09-03,out_cc_ratio,8.42,Different Country
1474,2023-09-04,out_cc_ratio,9.11,Different Country
1475,2023-09-05,out_cc_ratio,9.34,Different Country
1476,2023-09-06,out_cc_ratio,9.75,Different Country
1477,2023-09-07,out_cc_ratio,10.29,Different Country
1478,2023-09-08,out_cc_ratio,11.44,Different Country
1479,2023-09-09,out_cc_ratio,11.14,Different Country
1480,2023-09-10,out_cc_ratio,9.65,Different Country
1481,2023-09-11,out_cc_ratio,10.07,Different Country
1482,2023-09-12,out_cc_ratio,10.34,Different Country
1483,2023-09-13,out_cc_ratio,9.93,Different Country
1484,2023-09-14,out_cc_ratio,11.21,Different Country
1485,2023-09-27,out_cc_ratio,8.02,Different Country
1486,2023-09-28,out_cc_ratio,10.04,Different Country
1487,2023-09-29,out_cc_ratio,11.48,Different Country
1488,2023-09-30,out_cc_ratio,9.9,Different Country
1489,2023-10-01,out_cc_ratio,7.72,Different Country
1490,2023-10-02,out_cc_ratio,9.15,Different Country
1491,2023-10-03,out_cc_ratio,9.52,Different Country
1492,2023-10-04,out_cc_ratio,9.07,Different Country
1493,2023-10-05,out_cc_ratio,9.52,Different Country
1494,2023-10-06,out_cc_ratio,9.98,Different Country
1495,2023-10-07,out_cc_ratio,9.63,Different Country
1496,2023-10-08,out_cc_ratio,8.59,Different Country
1497,2023-10-09,out_cc_ratio,8.96,Different Country
1498,2023-10-10,out_cc_ratio,9.38,Different Country
1499,2023-10-11,out_cc_ratio,11.34,Different Country
1500,2023-10-12,out_cc_ratio,12.09,Different Country
1501,2023-10-13,out_cc_ratio,12.78,Different Country
1502,2023-10-14,out_cc_ratio,10.22,Different Country
1503,2023-10-15,out_cc_ratio,9.7,Different Country
1504,2023-10-16,out_cc_ratio,11.18,Different Country
1505,2023-10-17,out_cc_ratio,11.3,Different Country
1506,2023-10-18,out_cc_ratio,10.52,Different Country
1507,2023-10-19,out_cc_ratio,11.7,Different Country
1508,2023-10-21,out_cc_ratio,11.61,Different Country
1509,2023-10-22,out_cc_ratio,9.86,Different Country
1510,2023-10-23,out_cc_ratio,10.31,Different Country
1511,2023-10-24,out_cc_ratio,11.2,Different Country
1512,2023-10-25,out_cc_ratio,11.51,Different Country
1513,2023-10-26,out_cc_ratio,13.26,Different Country
1514,2023-10-27,out_cc_ratio,12.76,Different Country
1515,2023-10-28,out_cc_ratio,12.01,Different Country
1516,2023-10-29,out_cc_ratio,9.96,Different Country
1517,2023-10-30,out_cc_ratio,10.72,Different Country
1518,2023-10-31,out_cc_ratio,11.29,Different Country
1519,2023-11-01,out_cc_ratio,9.55,Different Country
1520,2023-11-02,out_cc_ratio,10.1,Different Country
1521,2023-11-03,out_cc_ratio,10.06,Different Country
1522,2023-11-04,out_cc_ratio,9.6,Different Country
1523,2023-11-05,out_cc_ratio,8.39,Different Country
1524,2023-11-06,out_cc_ratio,11.33,Different Country
1525,2023-11-07,out_cc_ratio,12.51,Different Country
1526,2023-11-08,out_cc_ratio,11.1,Different Country
1527,2023-11-09,out_cc_ratio,12.17,Different Country
1528,2023-11-10,out_cc_ratio,13.67,Different Country
1529,2023-11-11,out_cc_ratio,15.11,Different Country
1530,2023-11-12,out_cc_ratio,11.68,Different Country
1531,2023-11-13,out_cc_ratio,12.52,Different Country
1532,2023-11-14,out_cc_ratio,12.64,Different Country
1533,2023-11-15,out_cc_ratio,11.81,Different Country
1534,2023-11-16,out_cc_ratio,11.39,Different Country
1535,2023-11-17,out_cc_ratio,12.25,Different Country
1536,2023-11-18,out_cc_ratio,10.8,Different Country
1537,2023-11-19,out_cc_ratio,10.01,Different Country
1538,2023-11-20,out_cc_ratio,10.28,Different Country
1539,2023-11-21,out_cc_ratio,11.29,Different Country
1540,2023-11-22,out_cc_ratio,10.56,Different Country
1541,2023-11-23,out_cc_ratio,11.9,Different Country
1542,2023-11-24,out_cc_ratio,11.46,Different Country
1543,2023-11-25,out_cc_ratio,10.97,Different Country
1544,2023-11-26,out_cc_ratio,12.04,Different Country
1545,2023-11-27,out_cc_ratio,11.58,Different Country
1546,2023-11-28,out_cc_ratio,11.95,Different Country
1547,2023-11-29,out_cc_ratio,11.64,Different Country
1548,2023-11-30,out_cc_ratio,12.95,Different Country
1549,2023-12-01,out_cc_ratio,14.16,Different Country
1550,2023-12-02,out_cc_ratio,12.58,Different Country
1551,2023-12-03,out_cc_ratio,12.64,Different Country
1552,2023-12-04,out_cc_ratio,12.56,Different Country
1553,2023-12-05,out_cc_ratio,13.52,Different Country
1554,2023-12-06,out_cc_ratio,14.11,Different Country
1555,2023-12-07,out_cc_ratio,14.02,Different Country
1556,2023-12-08,out_cc_ratio,13.82,Different Country
1557,2023-12-09,out_cc_ratio,11.58,Different Country
1558,2023-12-10,out_cc_ratio,10.77,Different Country
1559,2023-12-11,out_cc_ratio,11.55,Different Country
1560,2023-12-12,out_cc_ratio,12.82,Different Country
1561,2023-12-13,out_cc_ratio,11.43,Different Country
1562,2023-12-14,out_cc_ratio,13.4,Different Country
1563,2023-12-15,out_cc_ratio,13.41,Different Country
1564,2023-12-16,out_cc_ratio,11.81,Different Country
1565,2023-12-17,out_cc_ratio,11.2,Different Country
1566,2023-12-18,out_cc_ratio,11.81,Different Country
1567,2023-12-19,out_cc_ratio,13.01,Different Country
1568,2023-12-20,out_cc_ratio,42.1,Different Country
1569,2023-12-21,out_cc_ratio,44.73,Different Country
1570,2023-12-22,out_cc_ratio,39.36,Different Country
1571,2023-12-23,out_cc_ratio,39.93,Different Country
1572,2023-12-24,out_cc_ratio,40.63,Different Country
1573,2023-12-25,out_cc_ratio,40.47,Different Country
1574,2023-12-26,out_cc_ratio,37.79,Different Country
1575,2023-12-27,out_cc_ratio,39.25,Different Country
1576,2023-12-28,out_cc_ratio,39.44,Different Country
1577,2023-12-29,out_cc_ratio,14.8,Different Country
1578,2023-12-30,out_cc_ratio,12.06,Different Country
1579,2023-12-31,out_cc_ratio,11.13,Different Country
1580,2024-01-01,out_cc_ratio,11.35,Different Country
1581,2024-01-02,out_cc_ratio,10.88,Different Country
1582,2024-01-03,out_cc_ratio,11.6,Different Country
1583,2024-01-04,out_cc_ratio,9.79,Different Country
1584,2024-01-05,out_cc_ratio,10.58,Different Country
1585,2024-01-06,out_cc_ratio,8.48,Different Country
1586,2024-01-07,out_cc_ratio,8.86,Different Country
1587,2024-01-08,out_cc_ratio,10.82,Different Country
1588,2024-01-09,out_cc_ratio,9.67,Different Country
1589,2024-01-10,out_cc_ratio,9.52,Different Country
1590,2024-01-11,out_cc_ratio,11.15,Different Country
1591,2024-01-12,out_cc_ratio,12.34,Different Country
1592,2024-01-13,out_cc_ratio,10.48,Different Country
1593,2024-01-14,out_cc_ratio,10.8,Different Country
1594,2024-01-15,out_cc_ratio,11.11,Different Country
1595,2024-01-16,out_cc_ratio,11.03,Different Country
1596,2024-01-17,out_cc_ratio,10.25,Different Country
1597,2024-01-18,out_cc_ratio,10.01,Different Country
1598,2024-01-19,out_cc_ratio,10.18,Different Country
1599,2024-01-20,out_cc_ratio,8.73,Different Country
1600,2024-01-21,out_cc_ratio,7.71,Different Country
1601,2024-01-22,out_cc_ratio,9.55,Different Country
1602,2024-01-23,out_cc_ratio,9.77,Different Country
1603,2024-01-24,out_cc_ratio,9.83,Different Country
1604,2024-01-25,out_cc_ratio,10.37,Different Country
1605,2024-01-26,out_cc_ratio,9.16,Different Country
1606,2024-01-27,out_cc_ratio,7.5,Different Country
1607,2024-01-28,out_cc_ratio,7.89,Different Country
1608,2024-01-29,out_cc_ratio,9.52,Different Country
1609,2024-01-30,out_cc_ratio,9.18,Different Country
1610,2024-01-31,out_cc_ratio,9.44,Different Country
1611,2024-02-01,out_cc_ratio,9.7,Different Country
1612,2024-02-02,out_cc_ratio,9.58,Different Country
1613,2024-02-03,out_cc_ratio,8.43,Different Country
1614,2024-02-04,out_cc_ratio,8.18,Different Country
1615,2024-02-05,out_cc_ratio,9.63,Different Country
1616,2024-02-06,out_cc_ratio,10.07,Different Country
1617,2024-02-07,out_cc_ratio,9.32,Different Country
1618,2024-02-08,out_cc_ratio,8.96,Different Country
1619,2024-02-09,out_cc_ratio,9.93,Different Country
1620,2024-02-10,out_cc_ratio,9.82,Different Country
1621,2024-02-11,out_cc_ratio,8.89,Different Country
1622,2024-02-12,out_cc_ratio,9.23,Different Country
1623,2024-02-13,out_cc_ratio,10.14,Different Country
1624,2024-02-14,out_cc_ratio,9.81,Different Country
1625,2024-02-15,out_cc_ratio,10.66,Different Country
1626,2024-02-16,out_cc_ratio,8.93,Different Country
1627,2024-02-17,out_cc_ratio,9.11,Different Country
1628,2024-02-18,out_cc_ratio,7.72,Different Country
1629,2024-02-19,out_cc_ratio,8.57,Different Country
1630,2024-02-20,out_cc_ratio,8.04,Different Country
1631,2024-02-21,out_cc_ratio,7.75,Different Country
1632,2024-02-22,out_cc_ratio,7.91,Different Country
1633,2024-02-23,out_cc_ratio,8.79,Different Country
1634,2024-02-24,out_cc_ratio,8.53,Different Country
1635,2024-02-25,out_cc_ratio,7.16,Different Country
1636,2024-02-26,out_cc_ratio,7.89,Different Country
1637,2024-02-27,out_cc_ratio,8.24,Different Country
1638,2024-02-28,out_cc_ratio,8.47,Different Country
1639,2024-02-29,out_cc_ratio,7.25,Different Country
1640,2024-03-01,out_cc_ratio,9.04,Different Country
1641,2024-03-02,out_cc_ratio,9.45,Different Country
1642,2024-03-03,out_cc_ratio,7.36,Different Country
1643,2024-03-04,out_cc_ratio,7.66,Different Country
1644,2024-03-05,out_cc_ratio,8.33,Different Country
1645,2024-03-06,out_cc_ratio,8.85,Different Country
1646,2024-03-07,out_cc_ratio,8.45,Different Country
1647,2024-03-08,out_cc_ratio,7.68,Different Country
1648,2024-03-09,out_cc_ratio,8.09,Different Country
1649,2024-03-10,out_cc_ratio,6.56,Different Country
1650,2024-03-11,out_cc_ratio,7.4,Different Country
1651,2024-03-12,out_cc_ratio,7.95,Different Country
1652,2024-03-13,out_cc_ratio,7.92,Different Country
1653,2024-03-14,out_cc_ratio,7.78,Different Country
1654,2024-03-15,out_cc_ratio,7.67,Different Country
1655,2024-03-16,out_cc_ratio,7.86,Different Country
1656,2024-03-17,out_cc_ratio,6.38,Different Country
1657,2024-03-18,out_cc_ratio,6.83,Different Country
1658,2024-03-19,out_cc_ratio,7.38,Different Country
1659,2024-03-20,out_cc_ratio,7.67,Different Country
1660,2024-03-21,out_cc_ratio,8.77,Different Country
1661,2024-03-22,out_cc_ratio,9.18,Different Country
1662,2024-03-23,out_cc_ratio,7.41,Different Country
1663,2024-03-24,out_cc_ratio,7.0,Different Country
1664,2024-03-25,out_cc_ratio,8.61,Different Country
1665,2024-03-26,out_cc_ratio,8.01,Different Country
1666,2024-03-27,out_cc_ratio,9.04,Different Country
1667,2024-03-28,out_cc_ratio,8.94,Different Country
1668,2024-03-29,out_cc_ratio,8.71,Different Country
1669,2024-03-30,out_cc_ratio,9.76,Different Country
1670,2024-03-31,out_cc_ratio,8.56,Different Country
1671,2024-04-01,out_cc_ratio,7.71,Different Country
1672,2024-04-02,out_cc_ratio,9.51,Different Country
1673,2024-04-03,out_cc_ratio,9.33,Different Country
1674,2024-04-04,out_cc_ratio,13.69,Different Country
1675,2024-04-05,out_cc_ratio,12.06,Different Country
1676,2024-04-06,out_cc_ratio,10.44,Different Country
1677,2024-04-07,out_cc_ratio,9.73,Different Country
1678,2024-04-08,out_cc_ratio,9.73,Different Country
1679,2024-04-09,out_cc_ratio,9.51,Different Country
1680,2024-04-10,out_cc_ratio,10.7,Different Country
1681,2024-04-11,out_cc_ratio,11.82,Different Country
1682,2024-04-12,out_cc_ratio,9.96,Different Country
1683,2024-04-13,out_cc_ratio,11.45,Different Country
1684,2024-04-14,out_cc_ratio,9.52,Different Country
1685,2024-04-15,out_cc_ratio,10.06,Different Country
1686,2024-04-16,out_cc_ratio,11.01,Different Country
1687,2024-04-17,out_cc_ratio,12.31,Different Country
1688,2024-04-18,out_cc_ratio,10.76,Different Country
1689,2024-04-19,out_cc_ratio,10.62,Different Country
1690,2024-04-20,out_cc_ratio,9.54,Different Country
1691,2024-04-21,out_cc_ratio,7.39,Different Country
1692,2024-04-22,out_cc_ratio,8.66,Different Country
1693,2024-04-23,out_cc_ratio,9.81,Different Country
1694,2024-04-24,out_cc_ratio,9.24,Different Country
1695,2024-04-25,out_cc_ratio,9.19,Different Country
1696,2024-04-26,out_cc_ratio,9.63,Different Country
1697,2024-04-27,out_cc_ratio,9.14,Different Country
1698,2024-04-28,out_cc_ratio,7.56,Different Country
1699,2024-04-29,out_cc_ratio,11.27,Different Country
1700,2024-04-30,out_cc_ratio,10.76,Different Country
1701,2024-05-01,out_cc_ratio,9.34,Different Country
1702,2024-05-02,out_cc_ratio,12.18,Different Country
1703,2024-05-03,out_cc_ratio,11.06,Different Country
1704,2024-05-04,out_cc_ratio,9.68,Different Country
1705,2024-05-05,out_cc_ratio,8.51,Different Country
1706,2024-05-06,out_cc_ratio,10.77,Different Country
1707,2024-05-07,out_cc_ratio,11.38,Different Country
1708,2024-05-08,out_cc_ratio,8.87,Different Country
1709,2024-05-09,out_cc_ratio,9.92,Different Country
1710,2024-05-10,out_cc_ratio,10.93,Different Country
1711,2024-05-11,out_cc_ratio,11.09,Different Country
1712,2024-05-12,out_cc_ratio,8.22,Different Country
1713,2024-05-13,out_cc_ratio,9.91,Different Country
1714,2024-05-14,out_cc_ratio,10.77,Different Country
1715,2024-05-15,out_cc_ratio,11.27,Different Country
1716,2024-05-16,out_cc_ratio,12.54,Different Country
1717,2024-05-17,out_cc_ratio,12.71,Different Country
1718,2024-05-18,out_cc_ratio,11.31,Different Country
1719,2024-05-19,out_cc_ratio,9.08,Different Country
1720,2024-05-20,out_cc_ratio,8.09,Different Country
1721,2024-05-21,out_cc_ratio,9.65,Different Country
1722,2024-05-22,out_cc_ratio,8.41,Different Country
1723,2024-05-23,out_cc_ratio,9.74,Different Country
1724,2024-05-24,out_cc_ratio,9.72,Different Country
1725,2024-05-25,out_cc_ratio,9.41,Different Country
1726,2024-05-26,out_cc_ratio,8.08,Different Country
1727,2024-05-27,out_cc_ratio,8.2,Different Country
1728,2024-05-28,out_cc_ratio,7.75,Different Country
1729,2024-05-29,out_cc_ratio,7.82,Different Country
1730,2024-05-30,out_cc_ratio,8.52,Different Country
1731,2024-05-31,out_cc_ratio,8.63,Different Country
1732,2024-06-01,out_cc_ratio,8.65,Different Country
1733,2024-06-02,out_cc_ratio,7.44,Different Country
1734,2024-06-03,out_cc_ratio,9.73,Different Country
1735,2024-06-04,out_cc_ratio,10.85,Different Country
